sig_id,pert_id,pert_iname,pert_type,cell_id,pert_dose,pert_dose_unit,pert_idose,pert_time,pert_time_unit,pert_itime,distil_id
NMH001_FIBRNPC_24H:BRD-A00150179-001-01-3:10,BRD-A00150179,5-hydroxytryptophan,trt_cp,FIBRNPC,10.0,µM,10 µM,24,h,24 h,NMH001_FIBRNPC_24H_X1_B6_DUO52HI53LO:I10|NMH001_FIBRNPC_24H_X3_B6_DUO52HI53LO:I10
CPC006_A375_24H:BRD-K56301217-001-01-7:11.1,BRD-K56301217,abt-737,trt_cp,A375,11.1,µM,10 µM,24,h,24 h,CPC006_A375_24H_X1_B3_DUO52HI53LO:I02|CPC006_A375_24H_X2_B3_DUO52HI53LO:I02|CPC006_A375_24H_X3_B3_DUO52HI53LO:I02|CPC006_A375_24H_X4_B4_DUO52HI53LO:I02|CPC006_A375_24H_X5_B4_DUO52HI53LO:I02
CPC006_A375_24H:BRD-K91623615-001-01-9:10,BRD-K91623615,abt-751,trt_cp,A375,10.0,µM,10 µM,24,h,24 h,CPC006_A375_24H_X1_B3_DUO52HI53LO:L05|CPC006_A375_24H_X2_B3_DUO52HI53LO:L05|CPC006_A375_24H_X3_B3_DUO52HI53LO:L05|CPC006_A375_24H_X4_B4_DUO52HI53LO:L05|CPC006_A375_24H_X5_B4_DUO52HI53LO:L05
CPC018_A549_24H:BRD-A95696820-001-01-4:10,BRD-A95696820,acadesine,trt_cp,A549,10.0,µM,10 µM,24,h,24 h,CPC018_A549_24H_X1_F1B6_DUO52HI53LO:N14|CPC018_A549_24H_X2_F1B6_DUO52HI53LO:N14
CPC011_A549_24H:BRD-A16444946-001-05-5:10,BRD-A16444946,acarbose,trt_cp,A549,10.0,µM,10 µM,24,h,24 h,CPC011_A549_24H_X1_F1B6_DUO52HI53LO:F03|CPC011_A549_24H_X3_F1B6_DUO52HI53LO:F03|CPC011_A549_24H_X5_F1B6_DUO52HI53LO:F03
CPD001_MCF7_24H:BRD-K67563174-001-11-9:10,BRD-K67563174,acemetacin,trt_cp,MCF7,10.0,µM,10 µM,24,h,24 h,CPD001_MCF7_24H_X1_B6_DUO52HI53LO:L14|CPD001_MCF7_24H_X2_B6_DUO52HI53LO:L14|CPD001_MCF7_24H_X3_B6_DUO52HI53LO:L14
CPD003_MCF7_24H:BRD-K59058747-001-13-4:10,BRD-K59058747,acetylcysteine,trt_cp,MCF7,10.0,µM,10 µM,24,h,24 h,CPD003_MCF7_24H_X1_B6_DUO52HI53LO:C01|CPD003_MCF7_24H_X3.L2_B6_DUO52HI53LO:C01|CPD003_MCF7_24H_X3_B6_DUO52HI53LO:C01
CPD002_MCF7_24H:BRD-K63736853-001-01-4:10,BRD-K63736853,acipimox,trt_cp,MCF7,10.0,µM,10 µM,24,h,24 h,CPD002_MCF7_24H_X1_B6_DUO52HI53LO:L17|CPD002_MCF7_24H_X2_B6_DUO52HI53LO:L17|CPD002_MCF7_24H_X3_B6_DUO52HI53LO:L17
CPC014_A549_24H:BRD-K62012036-001-06-0:10,BRD-K62012036,acitretin,trt_cp,A549,10.0,µM,10 µM,24,h,24 h,CPC014_A549_24H_X1_F1B6_DUO52HI53LO:L09|CPC014_A549_24H_X2_F1B6_DUO52HI53LO:L09|CPC014_A549_24H_X3_F1B6_DUO52HI53LO:L09
CPC009_A549_24H:BRD-K32318651-001-15-3:10,BRD-K32318651,acyclovir,trt_cp,A549,10.0,µM,10 µM,24,h,24 h,CPC009_A549_24H_X1_F1B6_DUO52HI53LO:N24|CPC009_A549_24H_X4_F1B6_DUO52HI53LO:N24
NMH002_FIBRNPC_24H:BRD-K33127281-001-02-3:10,BRD-K33127281,adapalene,trt_cp,FIBRNPC,10.0,µM,10 µM,24,h,24 h,NMH002_FIBRNPC_24H_X1_B6_DUO52HI53LO:K07|NMH002_FIBRNPC_24H_X2_B6_DUO52HI53LO:K07|NMH002_FIBRNPC_24H_X3_B6_DUO52HI53LO:K07
CPC013_A549_24H:BRD-K66175015-001-01-7:10,BRD-K66175015,afatinib,trt_cp,A549,10.0,µM,10 µM,24,h,24 h,CPC013_A549_24H_X1_F1B6_DUO52HI53LO:G21|CPC013_A549_24H_X2_F1B6_DUO52HI53LO:G21|CPC013_A549_24H_X3_F1B6_DUO52HI53LO:G21
CPC006_A375_24H:BRD-K00615600-001-06-1:25,BRD-K00615600,ag-14361,trt_cp,A375,25.0,µM,20 µM,24,h,24 h,CPC006_A375_24H_X1_B3_DUO52HI53LO:E09|CPC006_A375_24H_X2_B3_DUO52HI53LO:E09|CPC006_A375_24H_X3_B3_DUO52HI53LO:E09|CPC006_A375_24H_X4_B4_DUO52HI53LO:E09|CPC006_A375_24H_X5_B4_DUO52HI53LO:E09
CPC004_HA1E_24H:BRD-K79131256-001-08-8:10,BRD-K79131256,albendazole,trt_cp,HA1E,10.0,µM,10 µM,24,h,24 h,CPC004_HA1E_24H_X1_B3_DUO52HI53LO:H04|CPC004_HA1E_24H_X2_B3_DUO52HI53LO:H04|CPC004_HA1E_24H_X3_B3_DUO52HI53LO:H04
CPC020_MCF7_24H:BRD-K93433262-001-01-7:10,BRD-K93433262,alfacalcidol,trt_cp,MCF7,10.0,µM,10 µM,24,h,24 h,CPC020_MCF7_24H_X1_F1B4_DUO52HI53LO:O03|CPC020_MCF7_24H_X2_F1B4_DUO52HI53LO:O03|CPC020_MCF7_24H_X3_F1B4_DUO52HI53LO:O03|CPC020_MCF7_24H_X4_F2B4_DUO52HI53LO:O03|CPC020_MCF7_24H_X5_B5_DUO52HI53LO:O03
PCLB003_A375_24H:BRD-K75295174-001-01-9:10,BRD-K75295174,alisertib,trt_cp,A375,10.0,µM,10 µM,24,h,24 h,PCLB003_A375_24H_X1_B13:M13|PCLB003_A375_24H_X2_B13:M13|PCLB003_A375_24H_X3_B13:M13
CPD003_MCF7_24H:BRD-K86307448-001-09-2:10,BRD-K86307448,allopurinol,trt_cp,MCF7,10.0,µM,10 µM,24,h,24 h,CPD003_MCF7_24H_X1_B6_DUO52HI53LO:K22|CPD003_MCF7_24H_X2.L2_B6_DUO52HI53LO:K22|CPD003_MCF7_24H_X3.L2_B6_DUO52HI53LO:K22|CPD003_MCF7_24H_X3_B6_DUO52HI53LO:K22
CPC002_HA1E_24H:BRD-K52459643-001-10-2:10,BRD-K52459643,alprostadil,trt_cp,HA1E,10.0,µM,10 µM,24,h,24 h,CPC002_HA1E_24H_X1_B3_DUO52HI53LO:F03|CPC002_HA1E_24H_X2_B3_DUO52HI53LO:F03|CPC002_HA1E_24H_X3_B3_DUO52HI53LO:F03
CPC004_HA1E_24H:BRD-A27554692-001-01-3:10,BRD-A27554692,altrenogest,trt_cp,HA1E,10.0,µM,10 µM,24,h,24 h,CPC004_HA1E_24H_X1_B3_DUO52HI53LO:N03|CPC004_HA1E_24H_X2_B3_DUO52HI53LO:N03|CPC004_HA1E_24H_X3_B3_DUO52HI53LO:N03
CPC004_HA1E_24H:BRD-K67043667-001-15-7:10,BRD-K67043667,altretamine,trt_cp,HA1E,10.0,µM,10 µM,24,h,24 h,CPC004_HA1E_24H_X1_B3_DUO52HI53LO:G16|CPC004_HA1E_24H_X2_B3_DUO52HI53LO:G16|CPC004_HA1E_24H_X3_B3_DUO52HI53LO:G16
ERG005_VCAP_24H:BRD-A06304526-001-01-0:20,BRD-A06304526,alvespimycin,trt_cp,VCAP,20.0,µM,20 µM,24,h,24 h,ERG005_VCAP_24H_X1_B1_UNI5253L:N04|ERG005_VCAP_24H_X1_B1_UNI5253R:C21|ERG005_VCAP_24H_X1_B1_UNI5253R:F21
CPC012_A549_24H:BRD-K87909389-003-01-8:10,BRD-K87909389,alvocidib,trt_cp,A549,10.0,µM,10 µM,24,h,24 h,CPC012_A549_24H_X3_F1B6_DUO52HI53LO:L04
CPD003_MCF7_24H:BRD-A34578416-001-05-9:10,BRD-A34578416,ambrisentan,trt_cp,MCF7,10.0,µM,10 µM,24,h,24 h,CPD003_MCF7_24H_X1_B6_DUO52HI53LO:G24|CPD003_MCF7_24H_X2.L2_B6_DUO52HI53LO:G24|CPD003_MCF7_24H_X3.L2_B6_DUO52HI53LO:G24|CPD003_MCF7_24H_X3_B6_DUO52HI53LO:G24
CPD002_MCF7_24H:BRD-K73947551-001-03-6:10,BRD-K73947551,amifostine,trt_cp,MCF7,10.0,µM,10 µM,24,h,24 h,CPD002_MCF7_24H_X1_B6_DUO52HI53LO:C05|CPD002_MCF7_24H_X2_B6_DUO52HI53LO:C05|CPD002_MCF7_24H_X3_B6_DUO52HI53LO:C05
CPC004_HA1E_24H:BRD-A25234499-001-09-2:10,BRD-A25234499,aminoglutethimide,trt_cp,HA1E,10.0,µM,10 µM,24,h,24 h,CPC004_HA1E_24H_X1_B3_DUO52HI53LO:D13|CPC004_HA1E_24H_X2_B3_DUO52HI53LO:D13|CPC004_HA1E_24H_X3_B3_DUO52HI53LO:D13
CPD003_MCF7_24H:BRD-M53001068-230-04-3:10,BRD-M53001068,aminophylline,trt_cp,MCF7,10.0,µM,10 µM,24,h,24 h,CPD003_MCF7_24H_X1_B6_DUO52HI53LO:C21|CPD003_MCF7_24H_X2.L2_B6_DUO52HI53LO:C21|CPD003_MCF7_24H_X3.L2_B6_DUO52HI53LO:C21|CPD003_MCF7_24H_X3_B6_DUO52HI53LO:C21
CPC005_A375_24H:BRD-A60197193-001-05-4:10,BRD-A60197193,amisulpride,trt_cp,A375,10.0,µM,10 µM,24,h,24 h,CPC005_A375_24H_X1_B3_DUO52HI53LO:G10|CPC005_A375_24H_X2_B3_DUO52HI53LO:G10|CPC005_A375_24H_X3_B3_DUO52HI53LO:G10
CPC004_HA1E_24H:BRD-A22032524-074-04-0:10,BRD-A22032524,amlodipine,trt_cp,HA1E,10.0,µM,10 µM,24,h,24 h,CPC004_HA1E_24H_X1_B3_DUO52HI53LO:N08|CPC004_HA1E_24H_X2_B3_DUO52HI53LO:N08|CPC004_HA1E_24H_X3_B3_DUO52HI53LO:N08
CPC013_ASC_24H:BRD-K56334280-001-01-0:10,BRD-K56334280,amonafide,trt_cp,ASC,10.0,µM,10 µM,24,h,24 h,CPC013_ASC_24H_X3_B7_DUO52HI53LO:A19
CPC020_MCF7_24H:BRD-K55044200-001-11-2:10,BRD-K55044200,amoxicillin,trt_cp,MCF7,10.0,µM,10 µM,24,h,24 h,CPC020_MCF7_24H_X1_F1B4_DUO52HI53LO:P17|CPC020_MCF7_24H_X2_F1B4_DUO52HI53LO:P17|CPC020_MCF7_24H_X3_F1B4_DUO52HI53LO:P17|CPC020_MCF7_24H_X4_F2B4_DUO52HI53LO:P17|CPC020_MCF7_24H_X5_B5_DUO52HI53LO:P17
CPC011_A549_24H:BRD-A39172021-001-05-3:10,BRD-A39172021,ampiroxicam,trt_cp,A549,10.0,µM,10 µM,24,h,24 h,CPC011_A549_24H_X1_F1B6_DUO52HI53LO:I23|CPC011_A549_24H_X3_F1B6_DUO52HI53LO:I23|CPC011_A549_24H_X5_F1B6_DUO52HI53LO:I23
LJP002_BT20_24H:BRD-K66538826-001-03-1:10,BRD-K66538826,amuvatinib,trt_cp,BT20,10.0,µM,10 µM,24,h,24 h,LJP002_BT20_24H_X1_F2B5_DUO52HI53LO:E01|LJP002_BT20_24H_X2_F2B5_DUO52HI53LO:E01|LJP002_BT20_24H_X3_F2B5_DUO52HI53LO:E01
CPC010_A549_24H:BRD-K52172416-001-07-2:10,BRD-K52172416,anastrozole,trt_cp,A549,10.0,µM,10 µM,24,h,24 h,CPC010_A549_24H_X2_F1B6_DUO52HI53LO:M22|CPC010_A549_24H_X4_F1B6_DUO52HI53LO:M22
CPC013_A549_24H:BRD-K82164249-001-01-9:10,BRD-K82164249,andarine,trt_cp,A549,10.0,µM,10 µM,24,h,24 h,CPC013_A549_24H_X1_F1B6_DUO52HI53LO:C19|CPC013_A549_24H_X2_F1B6_DUO52HI53LO:C19|CPC013_A549_24H_X3_F1B6_DUO52HI53LO:C19
CPC002_HA1E_24H:BRD-K88611939-001-10-9:10,BRD-K88611939,aniracetam,trt_cp,HA1E,10.0,µM,10 µM,24,h,24 h,CPC002_HA1E_24H_X1_B3_DUO52HI53LO:K22|CPC002_HA1E_24H_X2_B3_DUO52HI53LO:K22|CPC002_HA1E_24H_X3_B3_DUO52HI53LO:K22
CPC004_HA1E_24H:BRD-K12057390-001-02-5:10,BRD-K12057390,apigenin,trt_cp,HA1E,10.0,µM,10 µM,24,h,24 h,CPC004_HA1E_24H_X1_B3_DUO52HI53LO:K09|CPC004_HA1E_24H_X2_B3_DUO52HI53LO:K09|CPC004_HA1E_24H_X3_B3_DUO52HI53LO:K09
CPC014_A549_24H:BRD-K17306061-001-01-1:10,BRD-K17306061,aprepitant,trt_cp,A549,10.0,µM,10 µM,24,h,24 h,CPC014_A549_24H_X1_F1B6_DUO52HI53LO:H22|CPC014_A549_24H_X2_F1B6_DUO52HI53LO:H22|CPC014_A549_24H_X3_F1B6_DUO52HI53LO:H22
CPC001_HA1E_24H:BRD-K67860401-001-01-5:10,BRD-K67860401,ar-a014418,trt_cp,HA1E,10.0,µM,10 µM,24,h,24 h,CPC001_HA1E_24H_X1_B3_DUO52HI53LO:A22|CPC001_HA1E_24H_X2_B3_DUO52HI53LO:A22|CPC001_HA1E_24H_X3_B3_DUO52HI53LO:A22
CPD003_MCF7_24H:BRD-K08037784-001-08-4:10,BRD-K08037784,arbutin,trt_cp,MCF7,10.0,µM,10 µM,24,h,24 h,CPD003_MCF7_24H_X1_B6_DUO52HI53LO:N13|CPD003_MCF7_24H_X2.L2_B6_DUO52HI53LO:N13|CPD003_MCF7_24H_X3.L2_B6_DUO52HI53LO:N13|CPD003_MCF7_24H_X3_B6_DUO52HI53LO:N13
CPC011_A549_24H:BRD-A48261811-001-03-2:10,BRD-A48261811,argatroban,trt_cp,A549,10.0,µM,10 µM,24,h,24 h,CPC011_A549_24H_X1_F1B6_DUO52HI53LO:N07|CPC011_A549_24H_X3_F1B6_DUO52HI53LO:N07|CPC011_A549_24H_X5_F1B6_DUO52HI53LO:N07
CPC011_A549_24H:BRD-K70358946-001-11-6:10,BRD-K70358946,aripiprazole,trt_cp,A549,10.0,µM,10 µM,24,h,24 h,CPC011_A549_24H_X1_F1B6_DUO52HI53LO:I18|CPC011_A549_24H_X3_F1B6_DUO52HI53LO:I18|CPC011_A549_24H_X5_F1B6_DUO52HI53LO:I18
CPC011_MCF7_24H:BRD-K39621635-001-04-8:10,BRD-K39621635,artemether,trt_cp,MCF7,10.0,µM,10 µM,24,h,24 h,CPC011_MCF7_24H_X4_B5_DUO52HI53LO:L24|CPC011_MCF7_24H_X5_B5_DUO52HI53LO:L24
CPD002_MCF7_24H:BRD-K45770447-001-01-9:10,BRD-K45770447,artemisinin,trt_cp,MCF7,10.0,µM,10 µM,24,h,24 h,CPD002_MCF7_24H_X1_B6_DUO52HI53LO:C18|CPD002_MCF7_24H_X2_B6_DUO52HI53LO:C18|CPD002_MCF7_24H_X3_B6_DUO52HI53LO:C18
CPC006_A375_24H:BRD-A47829399-001-01-1:10,BRD-A47829399,artesunate,trt_cp,A375,10.0,µM,10 µM,24,h,24 h,CPC006_A375_24H_X1_B3_DUO52HI53LO:G20|CPC006_A375_24H_X2_B3_DUO52HI53LO:G20|CPC006_A375_24H_X3_B3_DUO52HI53LO:G20|CPC006_A375_24H_X4_B4_DUO52HI53LO:G20|CPC006_A375_24H_X5_B4_DUO52HI53LO:G20
CPC014_A549_24H:BRD-K63915849-001-01-1:10,BRD-K63915849,as-604850,trt_cp,A549,10.0,µM,10 µM,24,h,24 h,CPC014_A549_24H_X1_F1B6_DUO52HI53LO:B06|CPC014_A549_24H_X2_F1B6_DUO52HI53LO:B06|CPC014_A549_24H_X3_F1B6_DUO52HI53LO:B06
CPD001_MCF7_24H:BRD-K57875380-103-01-4:10,BRD-K57875380,asenapine,trt_cp,MCF7,10.0,µM,10 µM,24,h,24 h,CPD001_MCF7_24H_X1_B6_DUO52HI53LO:H11|CPD001_MCF7_24H_X2_B6_DUO52HI53LO:H11|CPD001_MCF7_24H_X3_B6_DUO52HI53LO:H11
CPC020_MCF7_24H:BRD-K11433652-001-08-9:10,BRD-K11433652,aspirin,trt_cp,MCF7,10.0,µM,10 µM,24,h,24 h,CPC020_MCF7_24H_X1_F1B4_DUO52HI53LO:O19|CPC020_MCF7_24H_X2_F1B4_DUO52HI53LO:O19|CPC020_MCF7_24H_X3_F1B4_DUO52HI53LO:O19|CPC020_MCF7_24H_X4_F2B4_DUO52HI53LO:O19|CPC020_MCF7_24H_X5_B5_DUO52HI53LO:O19
CPC013_A549_24H:BRD-K13390322-001-01-4:10,BRD-K13390322,at-7519,trt_cp,A549,10.0,µM,10 µM,24,h,24 h,CPC013_A549_24H_X1_F1B6_DUO52HI53LO:K04|CPC013_A549_24H_X2_F1B6_DUO52HI53LO:K04|CPC013_A549_24H_X3_F1B6_DUO52HI53LO:K04
PCLB003_A375_24H:BRD-K24576554-001-01-4:10,BRD-K24576554,at-9283,trt_cp,A375,10.0,µM,10 µM,24,h,24 h,PCLB003_A375_24H_X1_B13:K01|PCLB003_A375_24H_X2_B13:K01|PCLB003_A375_24H_X3_B13:K01
CPC020_MCF7_24H:BRD-K94830329-001-01-4:10,BRD-K94830329,ataluren,trt_cp,MCF7,10.0,µM,10 µM,24,h,24 h,CPC020_MCF7_24H_X1_F1B4_DUO52HI53LO:G18|CPC020_MCF7_24H_X2_F1B4_DUO52HI53LO:G18|CPC020_MCF7_24H_X3_F1B4_DUO52HI53LO:G18|CPC020_MCF7_24H_X4_F2B4_DUO52HI53LO:G18|CPC020_MCF7_24H_X5_B5_DUO52HI53LO:G18
CPC006_A375_24H:BRD-U88459701-000-01-8:10,BRD-U88459701,atorvastatin,trt_cp,A375,10.0,µM,10 µM,24,h,24 h,CPC006_A375_24H_X1_B3_DUO52HI53LO:I11|CPC006_A375_24H_X2_B3_DUO52HI53LO:I11|CPC006_A375_24H_X3_B3_DUO52HI53LO:I11|CPC006_A375_24H_X4_B4_DUO52HI53LO:I11|CPC006_A375_24H_X5_B4_DUO52HI53LO:I11
CPC005_A375_24H:BRD-A84493640-001-03-3:10,BRD-A84493640,atovaquone,trt_cp,A375,10.0,µM,10 µM,24,h,24 h,CPC005_A375_24H_X1_B3_DUO52HI53LO:I09|CPC005_A375_24H_X2_B3_DUO52HI53LO:I09|CPC005_A375_24H_X3_B3_DUO52HI53LO:I09
CPD002_MCF7_24H:BRD-M35773784-330-01-7:10,BRD-M35773784,atropine,trt_cp,MCF7,10.0,µM,10 µM,24,h,24 h,CPD002_MCF7_24H_X1_B6_DUO52HI53LO:B11|CPD002_MCF7_24H_X2_B6_DUO52HI53LO:B11|CPD002_MCF7_24H_X3_B6_DUO52HI53LO:B11
CPC013_A549_24H:BRD-K29905972-001-03-0:10,BRD-K29905972,axitinib,trt_cp,A549,10.0,µM,10 µM,24,h,24 h,CPC013_A549_24H_X1_F1B6_DUO52HI53LO:E21|CPC013_A549_24H_X2_F1B6_DUO52HI53LO:E21|CPC013_A549_24H_X3_F1B6_DUO52HI53LO:E21
CPC014_A549_24H:BRD-K05804044-001-01-1:10,BRD-K05804044,az-628,trt_cp,A549,10.0,µM,10 µM,24,h,24 h,CPC014_A549_24H_X1_F1B6_DUO52HI53LO:C19|CPC014_A549_24H_X2_F1B6_DUO52HI53LO:C19|CPC014_A549_24H_X3_F1B6_DUO52HI53LO:C19
CPC020_MCF7_24H:BRD-K03406345-001-11-2:10,BRD-K03406345,azacitidine,trt_cp,MCF7,10.0,µM,10 µM,24,h,24 h,CPC020_MCF7_24H_X1_F1B4_DUO52HI53LO:D19|CPC020_MCF7_24H_X2_F1B4_DUO52HI53LO:D19|CPC020_MCF7_24H_X3_F1B4_DUO52HI53LO:D19|CPC020_MCF7_24H_X4_F2B4_DUO52HI53LO:D19|CPC020_MCF7_24H_X5_B5_DUO52HI53LO:D19
CPC001_HA1E_24H:BRD-K97061094-001-03-2:10,BRD-K97061094,azacyclonol,trt_cp,HA1E,10.0,µM,10 µM,24,h,24 h,CPC001_HA1E_24H_X1_B3_DUO52HI53LO:K03|CPC001_HA1E_24H_X2_B3_DUO52HI53LO:K03|CPC001_HA1E_24H_X3_B3_DUO52HI53LO:K03
CPC004_HA1E_24H:BRD-K45861246-001-08-4:10,BRD-K45861246,azaperone,trt_cp,HA1E,10.0,µM,10 µM,24,h,24 h,CPC004_HA1E_24H_X1_B3_DUO52HI53LO:H23|CPC004_HA1E_24H_X2_B3_DUO52HI53LO:H23
CRCGN001_HA1E_24H:BRD-K32821942-001-17-1:20.2,BRD-K32821942,azathioprine,trt_cp,HA1E,20.2,µM,20 µM,24,h,24 h,CRCGN001_HA1E_24H_X1_F1B4_DUO52HI53LO:F08|CRCGN001_HA1E_24H_X1_F1B4_DUO52HI53LO:H18|CRCGN001_HA1E_24H_X1_F1B4_DUO52HI53LO:I09|CRCGN001_HA1E_24H_X2_F1B4_DUO52HI53LO:F08|CRCGN001_HA1E_24H_X2_F1B4_DUO52HI53LO:H18|CRCGN001_HA1E_24H_X2_F1B4_DUO52HI53LO:I09|CRCGN001_HA1E_24H_X3_F1B4_DUO52HI53LO:F08|CRCGN001_HA1E_24H_X3_F1B4_DUO52HI53LO:H18|CRCGN001_HA1E_24H_X3_F1B4_DUO52HI53LO:I09
LJP002_BT20_24H:BRD-A29009894-001-01-2:10,BRD-A29009894,azd-1480,trt_cp,BT20,10.0,µM,10 µM,24,h,24 h,LJP002_BT20_24H_X1_F2B5_DUO52HI53LO:G23|LJP002_BT20_24H_X2_F2B5_DUO52HI53LO:G23|LJP002_BT20_24H_X3_F2B5_DUO52HI53LO:G23
LJP002_BT20_24H:BRD-K72414522-001-01-8:10,BRD-K72414522,azd-5438,trt_cp,BT20,10.0,µM,10 µM,24,h,24 h,LJP002_BT20_24H_X1_F2B5_DUO52HI53LO:K15|LJP002_BT20_24H_X2_F2B5_DUO52HI53LO:K15|LJP002_BT20_24H_X3_F2B5_DUO52HI53LO:K15
CPC014_A549_24H:BRD-K58772419-001-01-3:10,BRD-K58772419,azd-6482,trt_cp,A549,10.0,µM,10 µM,24,h,24 h,CPC014_A549_24H_X1_F1B6_DUO52HI53LO:H02|CPC014_A549_24H_X2_F1B6_DUO52HI53LO:H02|CPC014_A549_24H_X3_F1B6_DUO52HI53LO:H02
CPC013_A549_24H:BRD-K46056750-001-01-3:10,BRD-K46056750,azd-7762,trt_cp,A549,10.0,µM,10 µM,24,h,24 h,CPC013_A549_24H_X1_F1B6_DUO52HI53LO:K08|CPC013_A549_24H_X2_F1B6_DUO52HI53LO:K08|CPC013_A549_24H_X3_F1B6_DUO52HI53LO:K08
CPC006_A375_24H:BRD-K69932463-001-03-1:10,BRD-K69932463,azd-8055,trt_cp,A375,10.0,µM,10 µM,24,h,24 h,CPC006_A375_24H_X1_B3_DUO52HI53LO:C04|CPC006_A375_24H_X2_B3_DUO52HI53LO:C04|CPC006_A375_24H_X3_B3_DUO52HI53LO:C04|CPC006_A375_24H_X5_B4_DUO52HI53LO:C04
CPC009_A549_24H:BRD-K74501079-001-13-2:10,BRD-K74501079,azithromycin,trt_cp,A549,10.0,µM,10 µM,24,h,24 h,CPC009_A549_24H_X1_F1B6_DUO52HI53LO:D24|CPC009_A549_24H_X4_F1B6_DUO52HI53LO:D24
CPC006_A375_24H:BRD-K82818427-001-01-4:44.4,BRD-K82818427,batimastat,trt_cp,A375,44.4,µM,40 µM,24,h,24 h,CPC006_A375_24H_X1_B3_DUO52HI53LO:F03|CPC006_A375_24H_X2_B3_DUO52HI53LO:F03|CPC006_A375_24H_X3_B3_DUO52HI53LO:F03|CPC006_A375_24H_X5_B4_DUO52HI53LO:F03
CPC013_A549_24H:BRD-K17743125-001-03-5:10,BRD-K17743125,belinostat,trt_cp,A549,10.0,µM,10 µM,24,h,24 h,CPC013_A549_24H_X1_F1B6_DUO52HI53LO:A13|CPC013_A549_24H_X2_F1B6_DUO52HI53LO:A13|CPC013_A549_24H_X3_F1B6_DUO52HI53LO:A13
CPC003_HA1E_24H:BRD-K14993104-001-03-4:10,BRD-K14993104,bemegride,trt_cp,HA1E,10.0,µM,10 µM,24,h,24 h,CPC003_HA1E_24H_X1_B3_DUO52HI53LO:H10|CPC003_HA1E_24H_X2_B3_DUO52HI53LO:H10|CPC003_HA1E_24H_X3_B3_DUO52HI53LO:H10
CPC004_HA1E_24H:BRD-A80017228-001-15-8:10,BRD-A80017228,bendroflumethiazide,trt_cp,HA1E,10.0,µM,10 µM,24,h,24 h,CPC004_HA1E_24H_X1_B3_DUO52HI53LO:G20|CPC004_HA1E_24H_X2_B3_DUO52HI53LO:G20|CPC004_HA1E_24H_X3_B3_DUO52HI53LO:G20
ERG003_VCAP_24H:BRD-K11717138-001-03-0:30,BRD-K11717138,benzbromarone,trt_cp,VCAP,30.0,µM,30 µM,24,h,24 h,ERG003_VCAP_24H_X1_B1_DUO44HI45LO:O17|ERG003_VCAP_24H_X1_B1_DUO44HI45LO:O18
CPD002_MCF7_24H:BRD-K75466013-001-10-2:10,BRD-K75466013,benzocaine,trt_cp,MCF7,10.0,µM,10 µM,24,h,24 h,CPD002_MCF7_24H_X1_B6_DUO52HI53LO:P06|CPD002_MCF7_24H_X2_B6_DUO52HI53LO:P06|CPD002_MCF7_24H_X3_B6_DUO52HI53LO:P06
CPC005_A375_24H:BRD-A15034104-002-03-6:10,BRD-A15034104,bergenin,trt_cp,A375,10.0,µM,10 µM,24,h,24 h,CPC005_A375_24H_X1_B3_DUO52HI53LO:M17|CPC005_A375_24H_X2_B3_DUO52HI53LO:M17|CPC005_A375_24H_X3_B3_DUO52HI53LO:M17
CPC002_HA1E_24H:BRD-K39188321-001-03-9:10,BRD-K39188321,betamethasone,trt_cp,HA1E,10.0,µM,10 µM,24,h,24 h,CPC002_HA1E_24H_X1_B3_DUO52HI53LO:C11|CPC002_HA1E_24H_X2_B3_DUO52HI53LO:C11|CPC002_HA1E_24H_X3_B3_DUO52HI53LO:C11
CPC003_HA1E_24H:BRD-A02759312-003-11-2:10,BRD-A02759312,betaxolol,trt_cp,HA1E,10.0,µM,10 µM,24,h,24 h,CPC003_HA1E_24H_X1_B3_DUO52HI53LO:K14|CPC003_HA1E_24H_X2_B3_DUO52HI53LO:K14|CPC003_HA1E_24H_X3_B3_DUO52HI53LO:K14
CPC003_HA1E_24H:BRD-K46018455-001-17-7:10,BRD-K46018455,bezafibrate,trt_cp,HA1E,10.0,µM,10 µM,24,h,24 h,CPC003_HA1E_24H_X1_B3_DUO52HI53LO:C05|CPC003_HA1E_24H_X2_B3_DUO52HI53LO:C05|CPC003_HA1E_24H_X3_B3_DUO52HI53LO:C05
CPC006_A375_24H:BRD-K64890080-001-03-9:10,BRD-K64890080,bi-2536,trt_cp,A375,10.0,µM,10 µM,24,h,24 h,CPC006_A375_24H_X1_B3_DUO52HI53LO:H17|CPC006_A375_24H_X2_B3_DUO52HI53LO:H17|CPC006_A375_24H_X3_B3_DUO52HI53LO:H17|CPC006_A375_24H_X4_B4_DUO52HI53LO:H17|CPC006_A375_24H_X5_B4_DUO52HI53LO:H17
CPC014_A549_24H:BRD-K73982490-001-01-1:10,BRD-K73982490,bi-78d3,trt_cp,A549,10.0,µM,10 µM,24,h,24 h,CPC014_A549_24H_X1_F1B6_DUO52HI53LO:N04|CPC014_A549_24H_X2_F1B6_DUO52HI53LO:N04|CPC014_A549_24H_X3_F1B6_DUO52HI53LO:N04
CPC006_A375_24H:BRD-K04623885-001-03-4:80,BRD-K04623885,bibr-1532,trt_cp,A375,80.0,µM,80 µM,24,h,24 h,CPC006_A375_24H_X1_B3_DUO52HI53LO:O20|CPC006_A375_24H_X2_B3_DUO52HI53LO:O20|CPC006_A375_24H_X3_B3_DUO52HI53LO:O20|CPC006_A375_24H_X4_B4_DUO52HI53LO:O20|CPC006_A375_24H_X5_B4_DUO52HI53LO:O20
CPC003_HA1E_24H:BRD-A29485665-001-03-7:10,BRD-A29485665,bicalutamide,trt_cp,HA1E,10.0,µM,10 µM,24,h,24 h,CPC003_HA1E_24H_X1_B3_DUO52HI53LO:C10|CPC003_HA1E_24H_X2_B3_DUO52HI53LO:C10|CPC003_HA1E_24H_X3_B3_DUO52HI53LO:C10
CPC018_A549_24H:BRD-A09495397-001-02-7:10,BRD-A09495397,bicuculline,trt_cp,A549,10.0,µM,10 µM,24,h,24 h,CPC018_A549_24H_X1_F1B6_DUO52HI53LO:J24|CPC018_A549_24H_X2_F1B6_DUO52HI53LO:J24
CPC011_A549_24H:BRD-A94543220-001-19-7:10,BRD-A94543220,bifonazole,trt_cp,A549,10.0,µM,10 µM,24,h,24 h,CPC011_A549_24H_X1_F1B6_DUO52HI53LO:F04|CPC011_A549_24H_X3_F1B6_DUO52HI53LO:F04|CPC011_A549_24H_X5_F1B6_DUO52HI53LO:F04
CPC013_A549_24H:BRD-K51967704-001-01-0:10,BRD-K51967704,biib-021,trt_cp,A549,10.0,µM,10 µM,24,h,24 h,CPC013_A549_24H_X1_F1B6_DUO52HI53LO:E11|CPC013_A549_24H_X2_F1B6_DUO52HI53LO:E11|CPC013_A549_24H_X3_F1B6_DUO52HI53LO:E11
CPC020_MCF7_24H:BRD-A87848830-001-01-9:10,BRD-A87848830,bimatoprost,trt_cp,MCF7,10.0,µM,10 µM,24,h,24 h,CPC020_MCF7_24H_X1_F1B4_DUO52HI53LO:M23|CPC020_MCF7_24H_X2_F1B4_DUO52HI53LO:M23|CPC020_MCF7_24H_X3_F1B4_DUO52HI53LO:M23|CPC020_MCF7_24H_X4_F2B4_DUO52HI53LO:M23|CPC020_MCF7_24H_X5_B5_DUO52HI53LO:M23
CPC001_HA1E_24H:BRD-K89210380-001-03-8:10,BRD-K89210380,biotin,trt_cp,HA1E,10.0,µM,10 µM,24,h,24 h,CPC001_HA1E_24H_X1_B3_DUO52HI53LO:B12|CPC001_HA1E_24H_X2_B3_DUO52HI53LO:B12|CPC001_HA1E_24H_X3_B3_DUO52HI53LO:B12
CPC004_HA1E_24H:BRD-K39987650-001-15-9:10,BRD-K39987650,bisacodyl,trt_cp,HA1E,10.0,µM,10 µM,24,h,24 h,CPC004_HA1E_24H_X1_B3_DUO52HI53LO:D23|CPC004_HA1E_24H_X2_B3_DUO52HI53LO:D23|CPC004_HA1E_24H_X3_B3_DUO52HI53LO:D23
CPC008_A375_24H:BRD-K92817986-001-03-3:10,BRD-K92817986,bix-02188,trt_cp,A375,10.0,µM,10 µM,24,h,24 h,CPC008_A375_24H_X2_F1B6_DUO52HI53LO:K21|CPC008_A375_24H_X3_F1B6_DUO52HI53LO:K21
ERG011_VCAP_24H:BRD-K73368362-001-03-4:10,BRD-K73368362,bix-02189,trt_cp,VCAP,10.0,µM,10 µM,24,h,24 h,ERG011_VCAP_24H_X1_B7_DUO52HI53LO:L17|ERG011_VCAP_24H_X2_B7_DUO52HI53LO:L17|ERG011_VCAP_24H_X3_B7_DUO52HI53LO:L17
CPC006_A375_24H:BRD-A75817871-001-04-2:40,BRD-A75817871,blebbistatin,trt_cp,A375,40.0,µM,40 µM,24,h,24 h,CPC006_A375_24H_X1_B3_DUO52HI53LO:B05|CPC006_A375_24H_X2_B3_DUO52HI53LO:B05|CPC006_A375_24H_X3_B3_DUO52HI53LO:B05|CPC006_A375_24H_X4_B4_DUO52HI53LO:B05|CPC006_A375_24H_X5_B4_DUO52HI53LO:B05
CPC001_HA1E_24H:BRD-K94379058-001-03-5:10,BRD-K94379058,bml-190,trt_cp,HA1E,10.0,µM,10 µM,24,h,24 h,CPC001_HA1E_24H_X1_B3_DUO52HI53LO:C15|CPC001_HA1E_24H_X2_B3_DUO52HI53LO:C15|CPC001_HA1E_24H_X3_B3_DUO52HI53LO:C15
CPC014_A549_24H:BRD-K13566078-003-01-1:10,BRD-K13566078,bms-345541,trt_cp,A549,10.0,µM,10 µM,24,h,24 h,CPC014_A549_24H_X1_F1B6_DUO52HI53LO:A07|CPC014_A549_24H_X2_F1B6_DUO52HI53LO:A07|CPC014_A549_24H_X3_F1B6_DUO52HI53LO:A07
LJP002_BT20_24H:BRD-K43389698-001-03-2:10,BRD-K43389698,bms-387032,trt_cp,BT20,10.0,µM,10 µM,24,h,24 h,LJP002_BT20_24H_X1_F2B5_DUO52HI53LO:G09|LJP002_BT20_24H_X2_F2B5_DUO52HI53LO:G09|LJP002_BT20_24H_X3_F2B5_DUO52HI53LO:G09
CPC006_A375_24H:BRD-K34581968-001-01-2:11.1,BRD-K34581968,bms-536924,trt_cp,A375,11.1,µM,10 µM,24,h,24 h,CPC006_A375_24H_X1_B3_DUO52HI53LO:P19|CPC006_A375_24H_X2_B3_DUO52HI53LO:P19|CPC006_A375_24H_X3_B3_DUO52HI53LO:P19|CPC006_A375_24H_X4_B4_DUO52HI53LO:P19|CPC006_A375_24H_X5_B4_DUO52HI53LO:P19
CPC006_A375_24H:BRD-K13049116-001-01-6:10,BRD-K13049116,bms-754807,trt_cp,A375,10.0,µM,10 µM,24,h,24 h,CPC006_A375_24H_X1_B3_DUO52HI53LO:N21|CPC006_A375_24H_X2_B3_DUO52HI53LO:N21|CPC006_A375_24H_X3_B3_DUO52HI53LO:N21|CPC006_A375_24H_X4_B4_DUO52HI53LO:N21|CPC006_A375_24H_X5_B4_DUO52HI53LO:N21
LJP002_BT20_24H:BRD-K40738845-001-01-9:10,BRD-K40738845,bms-777607,trt_cp,BT20,10.0,µM,10 µM,24,h,24 h,LJP002_BT20_24H_X1_F2B5_DUO52HI53LO:I07|LJP002_BT20_24H_X2_F2B5_DUO52HI53LO:I07|LJP002_BT20_24H_X3_F2B5_DUO52HI53LO:I07
CPC003_HA1E_24H:BRD-K31054881-300-01-3:10,BRD-K31054881,bmy-7378,trt_cp,HA1E,10.0,µM,10 µM,24,h,24 h,CPC003_HA1E_24H_X1_B3_DUO52HI53LO:B19|CPC003_HA1E_24H_X2_B3_DUO52HI53LO:B19|CPC003_HA1E_24H_X3_B3_DUO52HI53LO:B19
MUC.CP005_MCF7_24H:BRD-K88510285-001-01-2:50,BRD-K88510285,bortezomib,trt_cp,MCF7,50.0,µM,50 µM,24,h,24 h,MUC.CP005_MCF7_24H_X1_B7_DUO52HI53LO:I19|MUC.CP005_MCF7_24H_X2_B7_DUO52HI53LO:I19|MUC.CP005_MCF7_24H_X3_B7_DUO52HI53LO:I19
CPC014_A549_24H:BRD-K99964838-001-03-6:10,BRD-K99964838,bosutinib,trt_cp,A549,10.0,µM,10 µM,24,h,24 h,CPC014_A549_24H_X1_F1B6_DUO52HI53LO:I04|CPC014_A549_24H_X2_F1B6_DUO52HI53LO:I04|CPC014_A549_24H_X3_F1B6_DUO52HI53LO:I04
CPC003_HA1E_24H:BRD-K74913225-001-03-3:10,BRD-K74913225,brinzolamide,trt_cp,HA1E,10.0,µM,10 µM,24,h,24 h,CPC003_HA1E_24H_X1_B3_DUO52HI53LO:D06|CPC003_HA1E_24H_X2_B3_DUO52HI53LO:D06|CPC003_HA1E_24H_X3_B3_DUO52HI53LO:D06
CPC014_A549_24H:BRD-K28428262-001-01-7:10,BRD-K28428262,brivanib,trt_cp,A549,10.0,µM,10 µM,24,h,24 h,CPC014_A549_24H_X1_F1B6_DUO52HI53LO:M24|CPC014_A549_24H_X3_F1B6_DUO52HI53LO:M24
CPC002_HA1E_24H:BRD-A51829654-003-02-8:10,BRD-A51829654,brl-15572,trt_cp,HA1E,10.0,µM,10 µM,24,h,24 h,CPC002_HA1E_24H_X1_B3_DUO52HI53LO:H19|CPC002_HA1E_24H_X2_B3_DUO52HI53LO:H19|CPC002_HA1E_24H_X3_B3_DUO52HI53LO:H19
CPC002_HA1E_24H:BRD-K17868609-001-02-7:10,BRD-K17868609,brl-54443,trt_cp,HA1E,10.0,µM,10 µM,24,h,24 h,CPC002_HA1E_24H_X1_B3_DUO52HI53LO:P03|CPC002_HA1E_24H_X2_B3_DUO52HI53LO:P03
CPC004_HA1E_24H:BRD-A41995253-001-03-7:10,BRD-A41995253,brucine,trt_cp,HA1E,10.0,µM,10 µM,24,h,24 h,CPC004_HA1E_24H_X1_B3_DUO52HI53LO:C10|CPC004_HA1E_24H_X2_B3_DUO52HI53LO:C10|CPC004_HA1E_24H_X3_B3_DUO52HI53LO:C10
CPD001_MCF7_24H:BRD-K36660044-001-18-4:10,BRD-K36660044,bufexamac,trt_cp,MCF7,10.0,µM,10 µM,24,h,24 h,CPD001_MCF7_24H_X1_B6_DUO52HI53LO:B08|CPD001_MCF7_24H_X2_B6_DUO52HI53LO:B08|CPD001_MCF7_24H_X3_B6_DUO52HI53LO:B08
CPC003_HA1E_24H:BRD-K38197229-001-17-4:10,BRD-K38197229,bumetanide,trt_cp,HA1E,10.0,µM,10 µM,24,h,24 h,CPC003_HA1E_24H_X1_B3_DUO52HI53LO:C01|CPC003_HA1E_24H_X2_B3_DUO52HI53LO:C01|CPC003_HA1E_24H_X3_B3_DUO52HI53LO:C01
LJP002_BT20_24H:BRD-K42191735-001-01-2:10,BRD-K42191735,buparlisib,trt_cp,BT20,10.0,µM,10 µM,24,h,24 h,LJP002_BT20_24H_X1_F2B5_DUO52HI53LO:I15|LJP002_BT20_24H_X2_F2B5_DUO52HI53LO:I15|LJP002_BT20_24H_X3_F2B5_DUO52HI53LO:I15
CPC004_HA1E_24H:BRD-A05186015-003-09-9:10,BRD-A05186015,bupropion,trt_cp,HA1E,10.0,µM,10 µM,24,h,24 h,CPC004_HA1E_24H_X1_B3_DUO52HI53LO:J08|CPC004_HA1E_24H_X2_B3_DUO52HI53LO:J08|CPC004_HA1E_24H_X3_B3_DUO52HI53LO:J08
CRCGN001_HA1E_24H:BRD-K23204545-001-12-3:20.1,BRD-K23204545,busulfan,trt_cp,HA1E,20.1,µM,20 µM,24,h,24 h,CRCGN001_HA1E_24H_X1_F1B4_DUO52HI53LO:C11|CRCGN001_HA1E_24H_X1_F1B4_DUO52HI53LO:K02|CRCGN001_HA1E_24H_X1_F1B4_DUO52HI53LO:N16|CRCGN001_HA1E_24H_X2_F1B4_DUO52HI53LO:C11|CRCGN001_HA1E_24H_X2_F1B4_DUO52HI53LO:K02|CRCGN001_HA1E_24H_X2_F1B4_DUO52HI53LO:N16|CRCGN001_HA1E_24H_X3_F1B4_DUO52HI53LO:C11|CRCGN001_HA1E_24H_X3_F1B4_DUO52HI53LO:K02|CRCGN001_HA1E_24H_X3_F1B4_DUO52HI53LO:N16
CPC003_HA1E_24H:BRD-K17497770-001-01-0:10,BRD-K17497770,butein,trt_cp,HA1E,10.0,µM,10 µM,24,h,24 h,CPC003_HA1E_24H_X1_B3_DUO52HI53LO:N20|CPC003_HA1E_24H_X2_B3_DUO52HI53LO:N20|CPC003_HA1E_24H_X3_B3_DUO52HI53LO:N20
CPC006_A375_24H:BRD-K47983010-001-02-1:10,BRD-K47983010,bx-795,trt_cp,A375,10.0,µM,10 µM,24,h,24 h,CPC006_A375_24H_X1_B3_DUO52HI53LO:M04|CPC006_A375_24H_X2_B3_DUO52HI53LO:M04|CPC006_A375_24H_X3_B3_DUO52HI53LO:M04|CPC006_A375_24H_X4_B4_DUO52HI53LO:M04|CPC006_A375_24H_X5_B4_DUO52HI53LO:M04
CPC014_A549_24H:BRD-K49669041-001-02-7:10,BRD-K49669041,bx-912,trt_cp,A549,10.0,µM,10 µM,24,h,24 h,CPC014_A549_24H_X1_F1B6_DUO52HI53LO:E01|CPC014_A549_24H_X2_F1B6_DUO52HI53LO:E01|CPC014_A549_24H_X3_F1B6_DUO52HI53LO:E01
CPC014_A549_24H:BRD-K77175907-001-03-1:10,BRD-K77175907,calcifediol,trt_cp,A549,10.0,µM,10 µM,24,h,24 h,CPC014_A549_24H_X1_F1B6_DUO52HI53LO:D07|CPC014_A549_24H_X2_F1B6_DUO52HI53LO:D07|CPC014_A549_24H_X3_F1B6_DUO52HI53LO:D07
AML001_CD34_24H:BRD-K27316855:10,BRD-K27316855,calcitriol,trt_cp,CD34,10.0,µM,10 µM,24,h,24 h,AML001_CD34_24H_X1_F1B10:I09|AML001_CD34_24H_X3_F1B10:I09
CPC002_HA1E_24H:BRD-A30437061-001-02-7:10,BRD-A30437061,camptothecin,trt_cp,HA1E,10.0,µM,10 µM,24,h,24 h,CPC002_HA1E_24H_X1_B3_DUO52HI53LO:J12|CPC002_HA1E_24H_X2_B3_DUO52HI53LO:J12|CPC002_HA1E_24H_X3_B3_DUO52HI53LO:J12
CPD003_MCF7_24H:BRD-K84091759-001-01-4:10,BRD-K84091759,candesartan,trt_cp,MCF7,10.0,µM,10 µM,24,h,24 h,CPD003_MCF7_24H_X1_B6_DUO52HI53LO:F23|CPD003_MCF7_24H_X2.L2_B6_DUO52HI53LO:F23|CPD003_MCF7_24H_X3.L2_B6_DUO52HI53LO:F23|CPD003_MCF7_24H_X3_B6_DUO52HI53LO:F23
CPC014_A549_24H:BRD-K50168500-001-01-2:10,BRD-K50168500,canertinib,trt_cp,A549,10.0,µM,10 µM,24,h,24 h,CPC014_A549_24H_X1_F1B6_DUO52HI53LO:O16|CPC014_A549_24H_X2_F1B6_DUO52HI53LO:O16|CPC014_A549_24H_X3_F1B6_DUO52HI53LO:O16
CPC013_A549_24H:BRD-K61192372-001-01-4:10,BRD-K61192372,capecitabine,trt_cp,A549,10.0,µM,10 µM,24,h,24 h,CPC013_A549_24H_X1_F1B6_DUO52HI53LO:C21|CPC013_A549_24H_X2_F1B6_DUO52HI53LO:C21|CPC013_A549_24H_X3_F1B6_DUO52HI53LO:C21
CPC020_MCF7_24H:BRD-K54529596-001-21-4:10,BRD-K54529596,captopril,trt_cp,MCF7,10.0,µM,10 µM,24,h,24 h,CPC020_MCF7_24H_X1_F1B4_DUO52HI53LO:H10|CPC020_MCF7_24H_X1_F1B4_DUO52HI53LO:H24|CPC020_MCF7_24H_X2_F1B4_DUO52HI53LO:H10|CPC020_MCF7_24H_X2_F1B4_DUO52HI53LO:H24|CPC020_MCF7_24H_X3_F1B4_DUO52HI53LO:H10|CPC020_MCF7_24H_X3_F1B4_DUO52HI53LO:H24|CPC020_MCF7_24H_X4_F2B4_DUO52HI53LO:H10|CPC020_MCF7_24H_X4_F2B4_DUO52HI53LO:H24|CPC020_MCF7_24H_X5_B5_DUO52HI53LO:H10|CPC020_MCF7_24H_X5_B5_DUO52HI53LO:H24
CPD002_MCF7_24H:BRD-K77317635-001-06-1:10,BRD-K77317635,carbadox,trt_cp,MCF7,10.0,µM,10 µM,24,h,24 h,CPD002_MCF7_24H_X1_B6_DUO52HI53LO:J11|CPD002_MCF7_24H_X2_B6_DUO52HI53LO:J11|CPD002_MCF7_24H_X3_B6_DUO52HI53LO:J11
CPC006_A375_24H:BRD-K71799949-001-20-8:96,BRD-K71799949,carbamazepine,trt_cp,A375,96.0,µM,100 µM,24,h,24 h,CPC006_A375_24H_X1_B3_DUO52HI53LO:A11|CPC006_A375_24H_X2_B3_DUO52HI53LO:A11|CPC006_A375_24H_X3_B3_DUO52HI53LO:A11|CPC006_A375_24H_X4_B4_DUO52HI53LO:A11|CPC006_A375_24H_X5_B4_DUO52HI53LO:A11
CPC009_A549_24H:BRD-A69512159-002-02-2:10,BRD-A69512159,carbidopa,trt_cp,A549,10.0,µM,10 µM,24,h,24 h,CPC009_A549_24H_X1_F1B6_DUO52HI53LO:P22|CPC009_A549_24H_X4_F1B6_DUO52HI53LO:P22
CPD002_MCF7_24H:BRD-K87156652-001-07-7:10,BRD-K87156652,carbimazole,trt_cp,MCF7,10.0,µM,10 µM,24,h,24 h,CPD002_MCF7_24H_X1_B6_DUO52HI53LO:G19|CPD002_MCF7_24H_X2_B6_DUO52HI53LO:G19|CPD002_MCF7_24H_X3_B6_DUO52HI53LO:G19
CPD002_MCF7_24H:BRD-A99939097-001-19-2:10,BRD-A99939097,carisoprodol,trt_cp,MCF7,10.0,µM,10 µM,24,h,24 h,CPD002_MCF7_24H_X1_B6_DUO52HI53LO:E07|CPD002_MCF7_24H_X2_B6_DUO52HI53LO:E07|CPD002_MCF7_24H_X3_B6_DUO52HI53LO:E07
CPC011_A549_24H:BRD-K11630072-001-09-0:10,BRD-K11630072,carmofur,trt_cp,A549,10.0,µM,10 µM,24,h,24 h,CPC011_A549_24H_X1_F1B6_DUO52HI53LO:G12|CPC011_A549_24H_X3_F1B6_DUO52HI53LO:G12|CPC011_A549_24H_X5_F1B6_DUO52HI53LO:G12
CPC003_HA1E_24H:BRD-A17411484-001-05-1:10,BRD-A17411484,carprofen,trt_cp,HA1E,10.0,µM,10 µM,24,h,24 h,CPC003_HA1E_24H_X1_B3_DUO52HI53LO:G19|CPC003_HA1E_24H_X2_B3_DUO52HI53LO:G19|CPC003_HA1E_24H_X3_B3_DUO52HI53LO:G19
CPC004_HA1E_24H:BRD-A10977446-001-05-5:10,BRD-A10977446,carvedilol,trt_cp,HA1E,10.0,µM,10 µM,24,h,24 h,CPC004_HA1E_24H_X1_B3_DUO52HI53LO:L04|CPC004_HA1E_24H_X2_B3_DUO52HI53LO:L04|CPC004_HA1E_24H_X3_B3_DUO52HI53LO:L04
CPD001_MCF7_24H:BRD-K15744901-001-01-9:10,BRD-K15744901,catharanthine,trt_cp,MCF7,10.0,µM,10 µM,24,h,24 h,CPD001_MCF7_24H_X1_B6_DUO52HI53LO:F15|CPD001_MCF7_24H_X2_B6_DUO52HI53LO:F15|CPD001_MCF7_24H_X3_B6_DUO52HI53LO:F15
CPC014_A549_24H:BRD-K86930074-001-01-9:10,BRD-K86930074,cediranib,trt_cp,A549,10.0,µM,10 µM,24,h,24 h,CPC014_A549_24H_X1_F1B6_DUO52HI53LO:M20|CPC014_A549_24H_X2_F1B6_DUO52HI53LO:M20|CPC014_A549_24H_X3_F1B6_DUO52HI53LO:M20
CPC004_HA1E_24H:BRD-K02637541-001-06-5:10,BRD-K02637541,celecoxib,trt_cp,HA1E,10.0,µM,10 µM,24,h,24 h,CPC004_HA1E_24H_X1_B3_DUO52HI53LO:F16|CPC004_HA1E_24H_X2_B3_DUO52HI53LO:F16|CPC004_HA1E_24H_X3_B3_DUO52HI53LO:F16
CPC011_A549_24H:BRD-K90733503-001-02-0:10,BRD-K90733503,cephalexin,trt_cp,A549,10.0,µM,10 µM,24,h,24 h,CPC011_A549_24H_X1_F1B6_DUO52HI53LO:A04|CPC011_A549_24H_X3_F1B6_DUO52HI53LO:A04|CPC011_A549_24H_X5_F1B6_DUO52HI53LO:A04
CPC011_A549_24H:BRD-K81169441-236-06-6:10,BRD-K81169441,cerivastatin,trt_cp,A549,10.0,µM,10 µM,24,h,24 h,CPC011_A549_24H_X1_F1B6_DUO52HI53LO:H13|CPC011_A549_24H_X3_F1B6_DUO52HI53LO:H13|CPC011_A549_24H_X5_F1B6_DUO52HI53LO:H13
CPC006_A375_24H:BRD-K52075040-001-03-0:44.4,BRD-K52075040,cerulenin,trt_cp,A375,44.4,µM,40 µM,24,h,24 h,CPC006_A375_24H_X2_B3_DUO52HI53LO:D13|CPC006_A375_24H_X3_B3_DUO52HI53LO:D13|CPC006_A375_24H_X4_B4_DUO52HI53LO:D13|CPC006_A375_24H_X5_B4_DUO52HI53LO:D13
LJP002_BT20_24H:BRD-K16189898-001-07-8:10,BRD-K16189898,chir-99021,trt_cp,BT20,10.0,µM,10 µM,24,h,24 h,LJP002_BT20_24H_X1_F2B5_DUO52HI53LO:O15|LJP002_BT20_24H_X2_F2B5_DUO52HI53LO:O15|LJP002_BT20_24H_X3_F2B5_DUO52HI53LO:O15
CRCGN001_HA1E_24H:BRD-K29458283-001-26-5:20.1,BRD-K29458283,chlorambucil,trt_cp,HA1E,20.1,µM,20 µM,24,h,24 h,CRCGN001_HA1E_24H_X1_F1B4_DUO52HI53LO:M06|CRCGN001_HA1E_24H_X1_F1B4_DUO52HI53LO:N04|CRCGN001_HA1E_24H_X1_F1B4_DUO52HI53LO:O19|CRCGN001_HA1E_24H_X2_F1B4_DUO52HI53LO:M06|CRCGN001_HA1E_24H_X2_F1B4_DUO52HI53LO:N04|CRCGN001_HA1E_24H_X2_F1B4_DUO52HI53LO:O19|CRCGN001_HA1E_24H_X3_F1B4_DUO52HI53LO:M06|CRCGN001_HA1E_24H_X3_F1B4_DUO52HI53LO:N04|CRCGN001_HA1E_24H_X3_F1B4_DUO52HI53LO:O19
CPC020_MCF7_24H:BRD-A51182606-001-07-4:10,BRD-A51182606,chloramphenicol,trt_cp,MCF7,10.0,µM,10 µM,24,h,24 h,CPC020_MCF7_24H_X1_F1B4_DUO52HI53LO:N13|CPC020_MCF7_24H_X2_F1B4_DUO52HI53LO:N13|CPC020_MCF7_24H_X3_F1B4_DUO52HI53LO:N13|CPC020_MCF7_24H_X4_F2B4_DUO52HI53LO:N13|CPC020_MCF7_24H_X5_B5_DUO52HI53LO:N13
CPD001_MCF7_24H:BRD-A20348246-001-09-1:10,BRD-A20348246,chlormezanone,trt_cp,MCF7,10.0,µM,10 µM,24,h,24 h,CPD001_MCF7_24H_X1_B6_DUO52HI53LO:D23|CPD001_MCF7_24H_X2_B6_DUO52HI53LO:D23|CPD001_MCF7_24H_X3_B6_DUO52HI53LO:D23
CPD001_MCF7_24H:BRD-K88682005-001-10-9:10,BRD-K88682005,chlorothiazide,trt_cp,MCF7,10.0,µM,10 µM,24,h,24 h,CPD001_MCF7_24H_X1_B6_DUO52HI53LO:D04|CPD001_MCF7_24H_X2_B6_DUO52HI53LO:D04|CPD001_MCF7_24H_X3_B6_DUO52HI53LO:D04
CPC004_HA1E_24H:BRD-K17075857-001-06-9:10,BRD-K17075857,chloroxine,trt_cp,HA1E,10.0,µM,10 µM,24,h,24 h,CPC004_HA1E_24H_X1_B3_DUO52HI53LO:I10|CPC004_HA1E_24H_X2_B3_DUO52HI53LO:I10|CPC004_HA1E_24H_X3_B3_DUO52HI53LO:I10
CPD001_MCF7_24H:BRD-K98174813-001-12-3:10,BRD-K98174813,chlorzoxazone,trt_cp,MCF7,10.0,µM,10 µM,24,h,24 h,CPD001_MCF7_24H_X1_B6_DUO52HI53LO:B07|CPD001_MCF7_24H_X2_B6_DUO52HI53LO:B07|CPD001_MCF7_24H_X3_B6_DUO52HI53LO:B07
CPD002_MCF7_24H:BRD-K13044802-213-15-7:10,BRD-K13044802,ciclopirox,trt_cp,MCF7,10.0,µM,10 µM,24,h,24 h,CPD002_MCF7_24H_X1_B6_DUO52HI53LO:M04|CPD002_MCF7_24H_X2_B6_DUO52HI53LO:M04|CPD002_MCF7_24H_X3_B6_DUO52HI53LO:M04
CPC001_HA1E_24H:BRD-A07875874-001-01-6:10,BRD-A07875874,cilnidipine,trt_cp,HA1E,10.0,µM,10 µM,24,h,24 h,CPC001_HA1E_24H_X1_B3_DUO52HI53LO:N11|CPC001_HA1E_24H_X2_B3_DUO52HI53LO:N11|CPC001_HA1E_24H_X3_B3_DUO52HI53LO:N11
CPC013_A549_24H:BRD-K62982419-001-01-2:10,BRD-K62982419,cilomilast,trt_cp,A549,10.0,µM,10 µM,24,h,24 h,CPC013_A549_24H_X2_F1B6_DUO52HI53LO:A23
CPC004_HA1E_24H:BRD-K67017579-001-16-6:10,BRD-K67017579,cilostazol,trt_cp,HA1E,10.0,µM,10 µM,24,h,24 h,CPC004_HA1E_24H_X1_B3_DUO52HI53LO:H11|CPC004_HA1E_24H_X2_B3_DUO52HI53LO:H11|CPC004_HA1E_24H_X3_B3_DUO52HI53LO:H11
CPC001_HA1E_24H:BRD-K18618618-001-01-6:10,BRD-K18618618,cimetidine,trt_cp,HA1E,10.0,µM,10 µM,24,h,24 h,CPC001_HA1E_24H_X1_B3_DUO52HI53LO:D20|CPC001_HA1E_24H_X2_B3_DUO52HI53LO:D20|CPC001_HA1E_24H_X3_B3_DUO52HI53LO:D20
CPC014_A549_24H:BRD-K73838513-003-01-4:10,BRD-K73838513,cinacalcet,trt_cp,A549,10.0,µM,10 µM,24,h,24 h,CPC014_A549_24H_X1_F1B6_DUO52HI53LO:M22|CPC014_A549_24H_X2_F1B6_DUO52HI53LO:M22|CPC014_A549_24H_X3_F1B6_DUO52HI53LO:M22
CPC001_HA1E_24H:BRD-A49358627-001-03-9:10,BRD-A49358627,ciprofibrate,trt_cp,HA1E,10.0,µM,10 µM,24,h,24 h,CPC001_HA1E_24H_X1_B3_DUO52HI53LO:N20|CPC001_HA1E_24H_X2_B3_DUO52HI53LO:N20|CPC001_HA1E_24H_X3_B3_DUO52HI53LO:N20
NMH001_FIBRNPC_24H:BRD-K01767299-001-01-6:10,BRD-K01767299,ciproxifan,trt_cp,FIBRNPC,10.0,µM,10 µM,24,h,24 h,NMH001_FIBRNPC_24H_X1_B6_DUO52HI53LO:O05|NMH001_FIBRNPC_24H_X3_B6_DUO52HI53LO:O05
CPC010_A549_24H:BRD-K93034159-001-20-9:10,BRD-K93034159,cladribine,trt_cp,A549,10.0,µM,10 µM,24,h,24 h,CPC010_A549_24H_X2_F1B6_DUO52HI53LO:L22|CPC010_A549_24H_X4_F1B6_DUO52HI53LO:L22
CPC011_A549_24H:BRD-K49668410-001-13-9:10,BRD-K49668410,clarithromycin,trt_cp,A549,10.0,µM,10 µM,24,h,24 h,CPC011_A549_24H_X1_F1B6_DUO52HI53LO:G18|CPC011_A549_24H_X3_F1B6_DUO52HI53LO:G18|CPC011_A549_24H_X5_F1B6_DUO52HI53LO:G18
CPD001_MCF7_24H:BRD-A23034328-003-08-3:10,BRD-A23034328,clindamycin,trt_cp,MCF7,10.0,µM,10 µM,24,h,24 h,CPD001_MCF7_24H_X1_B6_DUO52HI53LO:K16|CPD001_MCF7_24H_X2_B6_DUO52HI53LO:K16|CPD001_MCF7_24H_X3_B6_DUO52HI53LO:K16
CPC001_HA1E_24H:BRD-A82371568-001-01-5:10,BRD-A82371568,clofarabine,trt_cp,HA1E,10.0,µM,10 µM,24,h,24 h,CPC001_HA1E_24H_X1_B3_DUO52HI53LO:O07|CPC001_HA1E_24H_X3_B3_DUO52HI53LO:O07
CPC011_A549_24H:BRD-K56614220-001-15-8:10,BRD-K56614220,clofazimine,trt_cp,A549,10.0,µM,10 µM,24,h,24 h,CPC011_A549_24H_X1_F1B6_DUO52HI53LO:B23|CPC011_A549_24H_X3_F1B6_DUO52HI53LO:B23|CPC011_A549_24H_X5_F1B6_DUO52HI53LO:B23
CPC009_A549_24H:BRD-K27721098-001-07-3:10,BRD-K27721098,clopidogrel,trt_cp,A549,10.0,µM,10 µM,24,h,24 h,CPC009_A549_24H_X1_F1B6_DUO52HI53LO:A24|CPC009_A549_24H_X4_F1B6_DUO52HI53LO:A24
CPD002_MCF7_24H:BRD-K97521363-001-10-4:10,BRD-K97521363,clorsulon,trt_cp,MCF7,10.0,µM,10 µM,24,h,24 h,CPD002_MCF7_24H_X1_B6_DUO52HI53LO:K22|CPD002_MCF7_24H_X2_B6_DUO52HI53LO:K22|CPD002_MCF7_24H_X3_B6_DUO52HI53LO:K22
CPD002_MCF7_24H:BRD-A19952358-001-07-1:10,BRD-A19952358,closantel,trt_cp,MCF7,10.0,µM,10 µM,24,h,24 h,CPD002_MCF7_24H_X1_B6_DUO52HI53LO:O21|CPD002_MCF7_24H_X2_B6_DUO52HI53LO:O21|CPD002_MCF7_24H_X3_B6_DUO52HI53LO:O21
CPC011_A549_24H:BRD-K15916496-001-23-8:10,BRD-K15916496,clotrimazole,trt_cp,A549,10.0,µM,10 µM,24,h,24 h,CPC011_A549_24H_X1_F1B6_DUO52HI53LO:E11|CPC011_A549_24H_X3_F1B6_DUO52HI53LO:E11|CPC011_A549_24H_X5_F1B6_DUO52HI53LO:E11
CPC002_HA1E_24H:BRD-K37289225-001-19-0:10,BRD-K37289225,clozapine,trt_cp,HA1E,10.0,µM,10 µM,24,h,24 h,CPC002_HA1E_24H_X1_B3_DUO52HI53LO:M04|CPC002_HA1E_24H_X2_B3_DUO52HI53LO:M04|CPC002_HA1E_24H_X3_B3_DUO52HI53LO:M04
CPC004_HA1E_24H:BRD-K23913458-001-13-2:10,BRD-K23913458,coumarin,trt_cp,HA1E,10.0,µM,10 µM,24,h,24 h,CPC004_HA1E_24H_X1_B3_DUO52HI53LO:D11|CPC004_HA1E_24H_X2_B3_DUO52HI53LO:D11|CPC004_HA1E_24H_X3_B3_DUO52HI53LO:D11
CPC013_A549_24H:BRD-K76908866-001-01-9:10,BRD-K76908866,cp-724714,trt_cp,A549,10.0,µM,10 µM,24,h,24 h,CPC013_A549_24H_X1_F1B6_DUO52HI53LO:I03|CPC013_A549_24H_X2_F1B6_DUO52HI53LO:I03|CPC013_A549_24H_X3_F1B6_DUO52HI53LO:I03
CPC014_A549_24H:BRD-K78431006-001-02-9:10,BRD-K78431006,crizotinib,trt_cp,A549,10.0,µM,10 µM,24,h,24 h,CPC014_A549_24H_X1_F1B6_DUO52HI53LO:A05|CPC014_A549_24H_X2_F1B6_DUO52HI53LO:A05|CPC014_A549_24H_X3_F1B6_DUO52HI53LO:A05
PCLB003_A549_24H:BRD-K07572174-001-17-0:100,BRD-K07572174,curcumin,trt_cp,A549,100.0,µM,100 µM,24,h,24 h,PCLB003_A549_24H_X1_B13:F13|PCLB003_A549_24H_X2_B13:F13
CRCGN001_HA1E_24H:BRD-A09722536-002-14-9:20.2,BRD-A09722536,cyclophosphamide,trt_cp,HA1E,20.2,µM,20 µM,24,h,24 h,CRCGN001_HA1E_24H_X1_F1B4_DUO52HI53LO:F07|CRCGN001_HA1E_24H_X1_F1B4_DUO52HI53LO:I05|CRCGN001_HA1E_24H_X1_F1B4_DUO52HI53LO:I08|CRCGN001_HA1E_24H_X2_F1B4_DUO52HI53LO:F07|CRCGN001_HA1E_24H_X2_F1B4_DUO52HI53LO:I05|CRCGN001_HA1E_24H_X2_F1B4_DUO52HI53LO:I08|CRCGN001_HA1E_24H_X3_F1B4_DUO52HI53LO:F07|CRCGN001_HA1E_24H_X3_F1B4_DUO52HI53LO:I05|CRCGN001_HA1E_24H_X3_F1B4_DUO52HI53LO:I08
CPC011_A549_24H:BRD-K33106058-001-12-7:10,BRD-K33106058,cytarabine,trt_cp,A549,10.0,µM,10 µM,24,h,24 h,CPC011_A549_24H_X1_F1B6_DUO52HI53LO:K19|CPC011_A549_24H_X3_F1B6_DUO52HI53LO:K19|CPC011_A549_24H_X5_F1B6_DUO52HI53LO:K19
BRAF001_A375_24H:BRD-K09951645-001-02-7:10,BRD-K09951645,dabrafenib,trt_cp,A375,10.0,µM,10 µM,24,h,24 h,BRAF001_A375_24H_X1_B10:I07|BRAF001_A375_24H_X1_B10:I15|BRAF001_A375_24H_X1_B10:I23|BRAF001_A375_24H_X2_B10:I07|BRAF001_A375_24H_X2_B10:I15|BRAF001_A375_24H_X2_B10:I23|BRAF001_A375_24H_X4_B11:I07|BRAF001_A375_24H_X4_B11:I15|BRAF001_A375_24H_X4_B11:I23
CPD002_MCF7_24H:BRD-K35520305-001-11-0:10,BRD-K35520305,dacarbazine,trt_cp,MCF7,10.0,µM,10 µM,24,h,24 h,CPD002_MCF7_24H_X1_B6_DUO52HI53LO:D09|CPD002_MCF7_24H_X2_B6_DUO52HI53LO:D09|CPD002_MCF7_24H_X3_B6_DUO52HI53LO:D09
CPC003_HA1E_24H:BRD-A73909368-001-01-5:10,BRD-A73909368,dactinomycin,trt_cp,HA1E,10.0,µM,10 µM,24,h,24 h,CPC003_HA1E_24H_X1_B3_DUO52HI53LO:G14|CPC003_HA1E_24H_X2_B3_DUO52HI53LO:G14|CPC003_HA1E_24H_X3_B3_DUO52HI53LO:G14
CPC005_A375_24H:BRD-K42095107-001-08-0:10,BRD-K42095107,daidzein,trt_cp,A375,10.0,µM,10 µM,24,h,24 h,CPC005_A375_24H_X1_B3_DUO52HI53LO:D16|CPC005_A375_24H_X2_B3_DUO52HI53LO:D16|CPC005_A375_24H_X3_B3_DUO52HI53LO:D16
CPC006_A375_24H:BRD-K18849474-001-01-0:79.44,BRD-K18849474,dalcetrapib,trt_cp,A375,79.44,µM,80 µM,24,h,24 h,CPC006_A375_24H_X1_B3_DUO52HI53LO:B21|CPC006_A375_24H_X2_B3_DUO52HI53LO:B21|CPC006_A375_24H_X3_B3_DUO52HI53LO:B21|CPC006_A375_24H_X4_B4_DUO52HI53LO:B21|CPC006_A375_24H_X5_B4_DUO52HI53LO:B21
CPC014_A549_24H:BRD-K17823458-001-01-6:10,BRD-K17823458,danoprevir,trt_cp,A549,10.0,µM,10 µM,24,h,24 h,CPC014_A549_24H_X1_F1B6_DUO52HI53LO:F08|CPC014_A549_24H_X2_F1B6_DUO52HI53LO:F08|CPC014_A549_24H_X3_F1B6_DUO52HI53LO:F08
CPC013_A549_24H:BRD-K07881437-001-01-2:10,BRD-K07881437,danusertib,trt_cp,A549,10.0,µM,10 µM,24,h,24 h,CPC013_A549_24H_X1_F1B6_DUO52HI53LO:E19|CPC013_A549_24H_X2_F1B6_DUO52HI53LO:E19|CPC013_A549_24H_X3_F1B6_DUO52HI53LO:E19
CPC005_A375_24H:BRD-K61269089-001-02-2:10,BRD-K61269089,daphnetin,trt_cp,A375,10.0,µM,10 µM,24,h,24 h,CPC005_A375_24H_X1_B3_DUO52HI53LO:L12|CPC005_A375_24H_X2_B3_DUO52HI53LO:L12|CPC005_A375_24H_X3_B3_DUO52HI53LO:L12
CPC006_A375_24H:BRD-K35723520-001-01-0:10,BRD-K35723520,darinaparsin,trt_cp,A375,10.0,µM,10 µM,24,h,24 h,CPC006_A375_24H_X1_B3_DUO52HI53LO:N20|CPC006_A375_24H_X2_B3_DUO52HI53LO:N20|CPC006_A375_24H_X3_B3_DUO52HI53LO:N20|CPC006_A375_24H_X4_B4_DUO52HI53LO:N20|CPC006_A375_24H_X5_B4_DUO52HI53LO:N20
CPC013_A549_24H:BRD-K49328571-001-04-4:10,BRD-K49328571,dasatinib,trt_cp,A549,10.0,µM,10 µM,24,h,24 h,CPC013_A549_24H_X1_F1B6_DUO52HI53LO:O12|CPC013_A549_24H_X2_F1B6_DUO52HI53LO:O12|CPC013_A549_24H_X3_F1B6_DUO52HI53LO:O12
AML001_HL60_24H:BRD-K43389675:10,BRD-K43389675,daunorubicin,trt_cp,HL60,10.0,µM,10 µM,24,h,24 h,AML001_HL60_24H_X3_F1B10:C11
CPC013_A549_24H:BRD-K79254416-001-08-5:10,BRD-K79254416,decitabine,trt_cp,A549,10.0,µM,10 µM,24,h,24 h,CPC013_A549_24H_X1_F1B6_DUO52HI53LO:I21|CPC013_A549_24H_X2_F1B6_DUO52HI53LO:I21|CPC013_A549_24H_X3_F1B6_DUO52HI53LO:I21
CPD003_MCF7_24H:BRD-K96006502-001-01-8:10,BRD-K96006502,deflazacort,trt_cp,MCF7,10.0,µM,10 µM,24,h,24 h,CPD003_MCF7_24H_X1_B6_DUO52HI53LO:C15|CPD003_MCF7_24H_X2.L2_B6_DUO52HI53LO:C15|CPD003_MCF7_24H_X3.L2_B6_DUO52HI53LO:C15|CPD003_MCF7_24H_X3_B6_DUO52HI53LO:C15
CPC011_A549_24H:BRD-K82357231-001-11-8:10,BRD-K82357231,desloratadine,trt_cp,A549,10.0,µM,10 µM,24,h,24 h,CPC011_A549_24H_X1_F1B6_DUO52HI53LO:H23|CPC011_A549_24H_X3_F1B6_DUO52HI53LO:H23|CPC011_A549_24H_X5_F1B6_DUO52HI53LO:H23
CRCGN001_HA1E_24H:BRD-A35108200-001-12-0:20.2,BRD-A35108200,dexamethasone,trt_cp,HA1E,20.2,µM,20 µM,24,h,24 h,CRCGN001_HA1E_24H_X1_F1B4_DUO52HI53LO:G18|CRCGN001_HA1E_24H_X1_F1B4_DUO52HI53LO:G21|CRCGN001_HA1E_24H_X1_F1B4_DUO52HI53LO:J21|CRCGN001_HA1E_24H_X2_F1B4_DUO52HI53LO:G18|CRCGN001_HA1E_24H_X2_F1B4_DUO52HI53LO:G21|CRCGN001_HA1E_24H_X2_F1B4_DUO52HI53LO:J21|CRCGN001_HA1E_24H_X3_F1B4_DUO52HI53LO:G18|CRCGN001_HA1E_24H_X3_F1B4_DUO52HI53LO:G21|CRCGN001_HA1E_24H_X3_F1B4_DUO52HI53LO:J21
CPC014_A549_24H:BRD-K07265709-003-01-5:10,BRD-K07265709,dexrazoxane,trt_cp,A549,10.0,µM,10 µM,24,h,24 h,CPC014_A549_24H_X1_F1B6_DUO52HI53LO:F16|CPC014_A549_24H_X2_F1B6_DUO52HI53LO:F16|CPC014_A549_24H_X3_F1B6_DUO52HI53LO:F16
CPD003_MCF7_24H:BRD-K69122748-001-06-9:10,BRD-K69122748,diacerein,trt_cp,MCF7,10.0,µM,10 µM,24,h,24 h,CPD003_MCF7_24H_X1_B6_DUO52HI53LO:A20|CPD003_MCF7_24H_X2.L2_B6_DUO52HI53LO:A20|CPD003_MCF7_24H_X3.L2_B6_DUO52HI53LO:A20|CPD003_MCF7_24H_X3_B6_DUO52HI53LO:A20
CPC002_HA1E_24H:BRD-K73109821-001-08-6:10,BRD-K73109821,diazoxide,trt_cp,HA1E,10.0,µM,10 µM,24,h,24 h,CPC002_HA1E_24H_X1_B3_DUO52HI53LO:K04|CPC002_HA1E_24H_X2_B3_DUO52HI53LO:K04|CPC002_HA1E_24H_X3_B3_DUO52HI53LO:K04
CPC011_A549_24H:BRD-K99063460-001-08-1:10,BRD-K99063460,didanosine,trt_cp,A549,10.0,µM,10 µM,24,h,24 h,CPC011_A549_24H_X1_F1B6_DUO52HI53LO:J11|CPC011_A549_24H_X3_F1B6_DUO52HI53LO:J11|CPC011_A549_24H_X5_F1B6_DUO52HI53LO:J11
CRCGN001_HA1E_24H:BRD-K45330754-001-12-6:19.9,BRD-K45330754,diethylstilbestrol,trt_cp,HA1E,19.9,µM,20 µM,24,h,24 h,CRCGN001_HA1E_24H_X1_F1B4_DUO52HI53LO:J22|CRCGN001_HA1E_24H_X1_F1B4_DUO52HI53LO:O09|CRCGN001_HA1E_24H_X1_F1B4_DUO52HI53LO:O20|CRCGN001_HA1E_24H_X2_F1B4_DUO52HI53LO:J22|CRCGN001_HA1E_24H_X2_F1B4_DUO52HI53LO:O09|CRCGN001_HA1E_24H_X2_F1B4_DUO52HI53LO:O20|CRCGN001_HA1E_24H_X3_F1B4_DUO52HI53LO:J22|CRCGN001_HA1E_24H_X3_F1B4_DUO52HI53LO:O09|CRCGN001_HA1E_24H_X3_F1B4_DUO52HI53LO:O20
CPC001_HA1E_24H:BRD-K23478508-001-03-7:10,BRD-K23478508,digoxin,trt_cp,HA1E,10.0,µM,10 µM,24,h,24 h,CPC001_HA1E_24H_X1_B3_DUO52HI53LO:P04|CPC001_HA1E_24H_X2_B3_DUO52HI53LO:P04|CPC001_HA1E_24H_X3_B3_DUO52HI53LO:P04
CPD002_MCF7_24H:BRD-K94436377-001-06-0:10,BRD-K94436377,diosmin,trt_cp,MCF7,10.0,µM,10 µM,24,h,24 h,CPD002_MCF7_24H_X1_B6_DUO52HI53LO:L07|CPD002_MCF7_24H_X2_B6_DUO52HI53LO:L07|CPD002_MCF7_24H_X3_B6_DUO52HI53LO:L07
CPC004_HA1E_24H:BRD-K86301799-001-19-9:10,BRD-K86301799,dipyridamole,trt_cp,HA1E,10.0,µM,10 µM,24,h,24 h,CPC004_HA1E_24H_X1_B3_DUO52HI53LO:G19|CPC004_HA1E_24H_X2_B3_DUO52HI53LO:G19|CPC004_HA1E_24H_X3_B3_DUO52HI53LO:G19
CPD002_MCF7_24H:BRD-K52756523-001-18-9:10,BRD-K52756523,dirithromycin,trt_cp,MCF7,10.0,µM,10 µM,24,h,24 h,CPD002_MCF7_24H_X1_B6_DUO52HI53LO:O16|CPD002_MCF7_24H_X2_B6_DUO52HI53LO:O16|CPD002_MCF7_24H_X3_B6_DUO52HI53LO:O16
CPC011_A549_24H:BRD-K32744045-001-25-4:10,BRD-K32744045,disulfiram,trt_cp,A549,10.0,µM,10 µM,24,h,24 h,CPC011_A549_24H_X1_F1B6_DUO52HI53LO:M17|CPC011_A549_24H_X3_F1B6_DUO52HI53LO:M17|CPC011_A549_24H_X5_F1B6_DUO52HI53LO:M17
CPC011_A549_24H:BRD-K63265447-001-05-8:10,BRD-K63265447,docetaxel,trt_cp,A549,10.0,µM,10 µM,24,h,24 h,CPC011_A549_24H_X1_F1B6_DUO52HI53LO:A12|CPC011_A549_24H_X3_F1B6_DUO52HI53LO:A12|CPC011_A549_24H_X5_F1B6_DUO52HI53LO:A12
CPC011_A549_24H:BRD-K86887724-001-04-9:10,BRD-K86887724,dofetilide,trt_cp,A549,10.0,µM,10 µM,24,h,24 h,CPC011_A549_24H_X1_F1B6_DUO52HI53LO:N14|CPC011_A549_24H_X3_F1B6_DUO52HI53LO:N14|CPC011_A549_24H_X5_F1B6_DUO52HI53LO:N14
CPC004_HA1E_24H:BRD-K38305202-001-08-3:10,BRD-K38305202,domperidone,trt_cp,HA1E,10.0,µM,10 µM,24,h,24 h,CPC004_HA1E_24H_X1_B3_DUO52HI53LO:B09|CPC004_HA1E_24H_X2_B3_DUO52HI53LO:B09|CPC004_HA1E_24H_X3_B3_DUO52HI53LO:B09
LJP002_BT20_24H:BRD-K74065929-001-02-3:10,BRD-K74065929,doramapimod,trt_cp,BT20,10.0,µM,10 µM,24,h,24 h,LJP002_BT20_24H_X1_F2B5_DUO52HI53LO:M15|LJP002_BT20_24H_X2_F2B5_DUO52HI53LO:M15|LJP002_BT20_24H_X3_F2B5_DUO52HI53LO:M15
CPC004_HCC515_24H:BRD-K54233340-300-01-0:10,BRD-K54233340,dorsomorphin,trt_cp,HCC515,10.0,µM,10 µM,24,h,24 h,CPC004_HCC515_24H_X1_B3_DUO52HI53LO:O14
CPC014_A549_24H:BRD-K85402309-001-01-7:10,BRD-K85402309,dovitinib,trt_cp,A549,10.0,µM,10 µM,24,h,24 h,CPC014_A549_24H_X1_F1B6_DUO52HI53LO:K24|CPC014_A549_24H_X2_F1B6_DUO52HI53LO:K24|CPC014_A549_24H_X3_F1B6_DUO52HI53LO:K24
CPC012_A549_24H:BRD-K14550461-001-01-3:10,BRD-K14550461,doxercalciferol,trt_cp,A549,10.0,µM,10 µM,24,h,24 h,CPC012_A549_24H_X2_F1B6_DUO52HI53LO:L01|CPC012_A549_24H_X3_F1B6_DUO52HI53LO:L01
CPD002_MCF7_24H:BRD-K70507123-001-05-5:10,BRD-K70507123,doxofylline,trt_cp,MCF7,10.0,µM,10 µM,24,h,24 h,CPD002_MCF7_24H_X1_B6_DUO52HI53LO:N22|CPD002_MCF7_24H_X2_B6_DUO52HI53LO:N22|CPD002_MCF7_24H_X3_B6_DUO52HI53LO:N22
CRCGN001_HA1E_24H:BRD-A76941896-003-04-6:10.2,BRD-A76941896,doxorubicin,trt_cp,HA1E,10.2,µM,10 µM,24,h,24 h,CRCGN001_HA1E_24H_X1_F1B4_DUO52HI53LO:H04|CRCGN001_HA1E_24H_X1_F1B4_DUO52HI53LO:N05|CRCGN001_HA1E_24H_X2_F1B4_DUO52HI53LO:B08|CRCGN001_HA1E_24H_X3_F1B4_DUO52HI53LO:B08|CRCGN001_HA1E_24H_X3_F1B4_DUO52HI53LO:H04|CRCGN001_HA1E_24H_X3_F1B4_DUO52HI53LO:N05
CPC004_HA1E_24H:BRD-K97158071-001-08-2:10,BRD-K97158071,droperidol,trt_cp,HA1E,10.0,µM,10 µM,24,h,24 h,CPC004_HA1E_24H_X1_B3_DUO52HI53LO:C24|CPC004_HA1E_24H_X2_B3_DUO52HI53LO:C24|CPC004_HA1E_24H_X3_B3_DUO52HI53LO:C24
CPD001_MCF7_24H:BRD-A29349577-001-18-0:10,BRD-A29349577,dropropizine,trt_cp,MCF7,10.0,µM,10 µM,24,h,24 h,CPD001_MCF7_24H_X1_B6_DUO52HI53LO:B12|CPD001_MCF7_24H_X2_B6_DUO52HI53LO:B12|CPD001_MCF7_24H_X3_B6_DUO52HI53LO:B12
CPC020_MCF7_24H:BRD-K11558771-001-07-1:10,BRD-K11558771,droxinostat,trt_cp,MCF7,10.0,µM,10 µM,24,h,24 h,CPC020_MCF7_24H_X1_F1B4_DUO52HI53LO:C08|CPC020_MCF7_24H_X2_F1B4_DUO52HI53LO:C08|CPC020_MCF7_24H_X3_F1B4_DUO52HI53LO:C08|CPC020_MCF7_24H_X4_F2B4_DUO52HI53LO:C08|CPC020_MCF7_24H_X5_B5_DUO52HI53LO:C08
CPC001_HA1E_24H:BRD-K68620903-001-03-1:10,BRD-K68620903,dydrogesterone,trt_cp,HA1E,10.0,µM,10 µM,24,h,24 h,CPC001_HA1E_24H_X1_B3_DUO52HI53LO:K16|CPC001_HA1E_24H_X2_B3_DUO52HI53LO:K16|CPC001_HA1E_24H_X3_B3_DUO52HI53LO:K16
CPC020_MCF7_24H:BRD-K35458079-001-19-0:10,BRD-K35458079,edaravone,trt_cp,MCF7,10.0,µM,10 µM,24,h,24 h,CPC020_MCF7_24H_X1_F1B4_DUO52HI53LO:O09|CPC020_MCF7_24H_X2_F1B4_DUO52HI53LO:O09|CPC020_MCF7_24H_X3_F1B4_DUO52HI53LO:O09|CPC020_MCF7_24H_X4_F2B4_DUO52HI53LO:O09|CPC020_MCF7_24H_X5_B5_DUO52HI53LO:O09
CPC011_A549_24H:BRD-K40758068-001-06-6:10,BRD-K40758068,efavirenz,trt_cp,A549,10.0,µM,10 µM,24,h,24 h,CPC011_A549_24H_X1_F1B6_DUO52HI53LO:J08|CPC011_A549_24H_X3_F1B6_DUO52HI53LO:J08|CPC011_A549_24H_X5_F1B6_DUO52HI53LO:J08
CPC006_A375_24H:BRD-K82135108-001-01-9:10,BRD-K82135108,elesclomol,trt_cp,A375,10.0,µM,10 µM,24,h,24 h,CPC006_A375_24H_X1_B3_DUO52HI53LO:G18|CPC006_A375_24H_X2_B3_DUO52HI53LO:G18|CPC006_A375_24H_X3_B3_DUO52HI53LO:G18|CPC006_A375_24H_X4_B4_DUO52HI53LO:G18|CPC006_A375_24H_X5_B4_DUO52HI53LO:G18
CPC014_A549_24H:BRD-K54472332-001-01-8:10,BRD-K54472332,elvitegravir,trt_cp,A549,10.0,µM,10 µM,24,h,24 h,CPC014_A549_24H_X1_F1B6_DUO52HI53LO:O24|CPC014_A549_24H_X2_F1B6_DUO52HI53LO:O24|CPC014_A549_24H_X3_F1B6_DUO52HI53LO:O24
CPC002_HA1E_24H:BRD-K86727142-001-06-6:10,BRD-K86727142,embelin,trt_cp,HA1E,10.0,µM,10 µM,24,h,24 h,CPC002_HA1E_24H_X1_B3_DUO52HI53LO:F02|CPC002_HA1E_24H_X2_B3_DUO52HI53LO:F02|CPC002_HA1E_24H_X3_B3_DUO52HI53LO:F02
CRCGN001_HA1E_24H:BRD-K58685305-001-13-9:10,BRD-K58685305,emodin,trt_cp,HA1E,10.0,µM,10 µM,24,h,24 h,CRCGN001_HA1E_24H_X1_F1B4_DUO52HI53LO:C07|CRCGN001_HA1E_24H_X2_F1B4_DUO52HI53LO:C07|CRCGN001_HA1E_24H_X3_F1B4_DUO52HI53LO:C07|CRCGN001_HA1E_24H_X1_F1B4_DUO52HI53LO:M21|CRCGN001_HA1E_24H_X1_F1B4_DUO52HI53LO:O06|CRCGN001_HA1E_24H_X2_F1B4_DUO52HI53LO:M21|CRCGN001_HA1E_24H_X2_F1B4_DUO52HI53LO:O06|CRCGN001_HA1E_24H_X3_F1B4_DUO52HI53LO:M21|CRCGN001_HA1E_24H_X3_F1B4_DUO52HI53LO:O06
PCLB002_A375_24H:BRD-K68488863:10,BRD-K68488863,enmd-2076,trt_cp,A375,10.0,µM,10 µM,24,h,24 h,PCLB002_A375_24H_X1_B13:K01|PCLB002_A375_24H_X2_B13:K01|PCLB002_A375_24H_X3_B13:K01
CPD003_MCF7_24H:BRD-K78113049-001-10-5:10,BRD-K78113049,enoxacin,trt_cp,MCF7,10.0,µM,10 µM,24,h,24 h,CPD003_MCF7_24H_X1_B6_DUO52HI53LO:H23|CPD003_MCF7_24H_X2.L2_B6_DUO52HI53LO:H23|CPD003_MCF7_24H_X3.L2_B6_DUO52HI53LO:H23|CPD003_MCF7_24H_X3_B6_DUO52HI53LO:H23
CPC003_HA1E_24H:BRD-K76534306-001-11-0:10,BRD-K76534306,enrofloxacin,trt_cp,HA1E,10.0,µM,10 µM,24,h,24 h,CPC003_HA1E_24H_X1_B3_DUO52HI53LO:M01|CPC003_HA1E_24H_X2_B3_DUO52HI53LO:M01|CPC003_HA1E_24H_X3_B3_DUO52HI53LO:M01
CPC020_MCF7_24H:BRD-K83636919-001-01-4:10,BRD-K83636919,entacapone,trt_cp,MCF7,10.0,µM,10 µM,24,h,24 h,CPC020_MCF7_24H_X1_F1B4_DUO52HI53LO:I02|CPC020_MCF7_24H_X2_F1B4_DUO52HI53LO:I02|CPC020_MCF7_24H_X3_F1B4_DUO52HI53LO:I02|CPC020_MCF7_24H_X4_F2B4_DUO52HI53LO:I02|CPC020_MCF7_24H_X5_B5_DUO52HI53LO:I02
CPC013_A549_24H:BRD-K77908580-001-04-7:10,BRD-K77908580,entinostat,trt_cp,A549,10.0,µM,10 µM,24,h,24 h,CPC013_A549_24H_X1_F1B6_DUO52HI53LO:G09|CPC013_A549_24H_X2_F1B6_DUO52HI53LO:G09|CPC013_A549_24H_X3_F1B6_DUO52HI53LO:G09
ERG011_VCAP_24H:BRD-K56851771-001-04-3:10,BRD-K56851771,enzalutamide,trt_cp,VCAP,10.0,µM,10 µM,24,h,24 h,ERG011_VCAP_24H_X1_B7_DUO52HI53LO:H03|ERG011_VCAP_24H_X2_B7_DUO52HI53LO:H03|ERG011_VCAP_24H_X3_B7_DUO52HI53LO:H03
CPC014_A549_24H:BRD-K79404599-001-02-8:10,BRD-K79404599,enzastaurin,trt_cp,A549,10.0,µM,10 µM,24,h,24 h,CPC014_A549_24H_X1_F1B6_DUO52HI53LO:O12|CPC014_A549_24H_X2_F1B6_DUO52HI53LO:O12|CPC014_A549_24H_X3_F1B6_DUO52HI53LO:O12
CPD002_MCF7_24H:BRD-K80115247-001-01-5:10,BRD-K80115247,epiandrosterone,trt_cp,MCF7,10.0,µM,10 µM,24,h,24 h,CPD002_MCF7_24H_X1_B6_DUO52HI53LO:G21|CPD002_MCF7_24H_X2_B6_DUO52HI53LO:G21|CPD002_MCF7_24H_X3_B6_DUO52HI53LO:G21
PCLB002_A375_24H:BRD-A74907996:10,BRD-A74907996,equol,trt_cp,A375,10.0,µM,10 µM,24,h,24 h,PCLB002_A375_24H_X1_B13:L13|PCLB002_A375_24H_X2_B13:L13|PCLB002_A375_24H_X3_B13:L13
PCLB003_A375_24H:BRD-A25004090-001-06-8:10,BRD-A25004090,erastin,trt_cp,A375,10.0,µM,10 µM,24,h,24 h,PCLB003_A375_24H_X1_B13:J07|PCLB003_A375_24H_X2_B13:J07|PCLB003_A375_24H_X3_B13:J07
CPC014_A549_24H:BRD-K70401845-001-02-5:10,BRD-K70401845,erlotinib,trt_cp,A549,10.0,µM,10 µM,24,h,24 h,CPC014_A549_24H_X1_F1B6_DUO52HI53LO:K13|CPC014_A549_24H_X2_F1B6_DUO52HI53LO:K13|CPC014_A549_24H_X3_F1B6_DUO52HI53LO:K13
CPC003_HA1E_24H:BRD-K63550407-001-08-5:10,BRD-K63550407,erythromycin,trt_cp,HA1E,10.0,µM,10 µM,24,h,24 h,CPC003_HA1E_24H_X1_B3_DUO52HI53LO:G07|CPC003_HA1E_24H_X2_B3_DUO52HI53LO:G07|CPC003_HA1E_24H_X3_B3_DUO52HI53LO:G07
CPC001_HA1E_24H:BRD-A99411506-002-01-3:10,BRD-A99411506,esculin,trt_cp,HA1E,10.0,µM,10 µM,24,h,24 h,CPC001_HA1E_24H_X1_B3_DUO52HI53LO:J22|CPC001_HA1E_24H_X2_B3_DUO52HI53LO:J22|CPC001_HA1E_24H_X3_B3_DUO52HI53LO:J22
ERG005_VCAP_24H:BRD-K18910433-001-14-3:20,BRD-K18910433,estradiol,trt_cp,VCAP,20.0,µM,20 µM,24,h,24 h,ERG005_VCAP_24H_X1_B1_UNI5253L:K05|ERG005_VCAP_24H_X1_B1_UNI5253L:N05|ERG005_VCAP_24H_X1_B1_UNI5253R:C20|ERG005_VCAP_24H_X1_B1_UNI5253R:F20
CRCGN001_HA1E_24H:BRD-A88939772-001-06-4:20.1,BRD-A88939772,estriol,trt_cp,HA1E,20.1,µM,20 µM,24,h,24 h,CRCGN001_HA1E_24H_X1_F1B4_DUO52HI53LO:F17|CRCGN001_HA1E_24H_X1_F1B4_DUO52HI53LO:I03|CRCGN001_HA1E_24H_X1_F1B4_DUO52HI53LO:I14|CRCGN001_HA1E_24H_X2_F1B4_DUO52HI53LO:F17|CRCGN001_HA1E_24H_X2_F1B4_DUO52HI53LO:I03|CRCGN001_HA1E_24H_X2_F1B4_DUO52HI53LO:I14|CRCGN001_HA1E_24H_X3_F1B4_DUO52HI53LO:F17|CRCGN001_HA1E_24H_X3_F1B4_DUO52HI53LO:I03|CRCGN001_HA1E_24H_X3_F1B4_DUO52HI53LO:I14
CPC003_HA1E_24H:BRD-K81839095-001-04-6:10,BRD-K81839095,estrone,trt_cp,HA1E,10.0,µM,10 µM,24,h,24 h,CPC003_HA1E_24H_X1_B3_DUO52HI53LO:M21|CPC003_HA1E_24H_X2_B3_DUO52HI53LO:M21|CPC003_HA1E_24H_X3_B3_DUO52HI53LO:M21
CPD003_MCF7_24H:BRD-K71055333-224-04-1:10,BRD-K71055333,etamsylate,trt_cp,MCF7,10.0,µM,10 µM,24,h,24 h,CPD003_MCF7_24H_X1_B6_DUO52HI53LO:L11|CPD003_MCF7_24H_X2.L2_B6_DUO52HI53LO:L11|CPD003_MCF7_24H_X3.L2_B6_DUO52HI53LO:L11|CPD003_MCF7_24H_X3_B6_DUO52HI53LO:L11
CPD002_MCF7_24H:BRD-K51207550-001-14-9:10,BRD-K51207550,ethionamide,trt_cp,MCF7,10.0,µM,10 µM,24,h,24 h,CPD002_MCF7_24H_X1_B6_DUO52HI53LO:I14|CPD002_MCF7_24H_X2_B6_DUO52HI53LO:I14|CPD002_MCF7_24H_X3_B6_DUO52HI53LO:I14
CPC004_HA1E_24H:BRD-A74667430-001-15-2:10,BRD-A74667430,etodolac,trt_cp,HA1E,10.0,µM,10 µM,24,h,24 h,CPC004_HA1E_24H_X1_B3_DUO52HI53LO:E02|CPC004_HA1E_24H_X2_B3_DUO52HI53LO:E02|CPC004_HA1E_24H_X3_B3_DUO52HI53LO:E02
CPC004_HA1E_24H:BRD-A54880345-001-11-8:10,BRD-A54880345,etomidate,trt_cp,HA1E,10.0,µM,10 µM,24,h,24 h,CPC004_HA1E_24H_X1_B3_DUO52HI53LO:L05|CPC004_HA1E_24H_X2_B3_DUO52HI53LO:L05|CPC004_HA1E_24H_X3_B3_DUO52HI53LO:L05
CPC005_A375_24H:BRD-A18419789-001-01-4:10,BRD-A18419789,etoposide,trt_cp,A375,10.0,µM,10 µM,24,h,24 h,CPC005_A375_24H_X1_B3_DUO52HI53LO:G20
CPC014_A549_24H:BRD-K13514097-001-01-2:10,BRD-K13514097,everolimus,trt_cp,A549,10.0,µM,10 µM,24,h,24 h,CPC014_A549_24H_X1_F1B6_DUO52HI53LO:M02|CPC014_A549_24H_X2_F1B6_DUO52HI53LO:M02|CPC014_A549_24H_X3_F1B6_DUO52HI53LO:M02
CPC006_A375_24H:BRD-A68631409-001-01-3:10,BRD-A68631409,evodiamine,trt_cp,A375,10.0,µM,10 µM,24,h,24 h,CPC006_A375_24H_X1_B3_DUO52HI53LO:G03|CPC006_A375_24H_X2_B3_DUO52HI53LO:G03|CPC006_A375_24H_X3_B3_DUO52HI53LO:G03|CPC006_A375_24H_X5_B4_DUO52HI53LO:G03
CPC004_HA1E_24H:BRD-A73741725-001-01-0:10,BRD-A73741725,exemestane,trt_cp,HA1E,10.0,µM,10 µM,24,h,24 h,CPC004_HA1E_24H_X1_B3_DUO52HI53LO:L16|CPC004_HA1E_24H_X2_B3_DUO52HI53LO:L16|CPC004_HA1E_24H_X3_B3_DUO52HI53LO:L16
CPC004_HA1E_24H:BRD-A41519720-001-03-0:10,BRD-A41519720,ezetimibe,trt_cp,HA1E,10.0,µM,10 µM,24,h,24 h,CPC004_HA1E_24H_X1_B3_DUO52HI53LO:N12|CPC004_HA1E_24H_X2_B3_DUO52HI53LO:N12|CPC004_HA1E_24H_X3_B3_DUO52HI53LO:N12
CPC004_HA1E_24H:BRD-K45033733-001-05-6:10,BRD-K45033733,famciclovir,trt_cp,HA1E,10.0,µM,10 µM,24,h,24 h,CPC004_HA1E_24H_X1_B3_DUO52HI53LO:N06|CPC004_HA1E_24H_X2_B3_DUO52HI53LO:N06|CPC004_HA1E_24H_X3_B3_DUO52HI53LO:N06
CPD002_MCF7_24H:BRD-A08255417-001-09-7:10,BRD-A08255417,famprofazone,trt_cp,MCF7,10.0,µM,10 µM,24,h,24 h,CPD002_MCF7_24H_X1_B6_DUO52HI53LO:N08|CPD002_MCF7_24H_X2_B6_DUO52HI53LO:N08|CPD002_MCF7_24H_X3_B6_DUO52HI53LO:N08
CPC002_HA1E_24H:BRD-K48367671-001-01-8:10,BRD-K48367671,febuxostat,trt_cp,HA1E,10.0,µM,10 µM,24,h,24 h,CPC002_HA1E_24H_X1_B3_DUO52HI53LO:C04|CPC002_HA1E_24H_X2_B3_DUO52HI53LO:C04|CPC002_HA1E_24H_X3_B3_DUO52HI53LO:C04
CPC002_HA1E_24H:BRD-K99107520-001-09-2:10,BRD-K99107520,felbamate,trt_cp,HA1E,10.0,µM,10 µM,24,h,24 h,CPC002_HA1E_24H_X1_B3_DUO52HI53LO:M08|CPC002_HA1E_24H_X2_B3_DUO52HI53LO:M08|CPC002_HA1E_24H_X3_B3_DUO52HI53LO:M08
CPC003_HA1E_24H:BRD-A30815329-001-03-0:10,BRD-A30815329,felodipine,trt_cp,HA1E,10.0,µM,10 µM,24,h,24 h,CPC003_HA1E_24H_X1_B3_DUO52HI53LO:I14|CPC003_HA1E_24H_X2_B3_DUO52HI53LO:I14|CPC003_HA1E_24H_X3_B3_DUO52HI53LO:I14
CPC002_HA1E_24H:BRD-K51318897-001-07-0:10,BRD-K51318897,fenbendazole,trt_cp,HA1E,10.0,µM,10 µM,24,h,24 h,CPC002_HA1E_24H_X1_B3_DUO52HI53LO:C02|CPC002_HA1E_24H_X3_B3_DUO52HI53LO:C02
CPC002_HA1E_24H:BRD-K50388907-001-15-5:10,BRD-K50388907,fenofibrate,trt_cp,HA1E,10.0,µM,10 µM,24,h,24 h,CPC002_HA1E_24H_X1_B3_DUO52HI53LO:A22|CPC002_HA1E_24H_X2_B3_DUO52HI53LO:A22|CPC002_HA1E_24H_X3_B3_DUO52HI53LO:A22
CPC003_HA1E_24H:BRD-A83081521-001-01-5:10,BRD-A83081521,finasteride,trt_cp,HA1E,10.0,µM,10 µM,24,h,24 h,CPC003_HA1E_24H_X1_B3_DUO52HI53LO:C08|CPC003_HA1E_24H_X2_B3_DUO52HI53LO:C08|CPC003_HA1E_24H_X3_B3_DUO52HI53LO:C08
CPD003_MCF7_24H:BRD-K11298197-001-09-6:10,BRD-K11298197,florfenicol,trt_cp,MCF7,10.0,µM,10 µM,24,h,24 h,CPD003_MCF7_24H_X2.L2_B6_DUO52HI53LO:O12|CPD003_MCF7_24H_X3.L2_B6_DUO52HI53LO:O12|CPD003_MCF7_24H_X3_B6_DUO52HI53LO:O12
CPC013_A549_24H:BRD-K47832606-001-13-7:10,BRD-K47832606,floxuridine,trt_cp,A549,10.0,µM,10 µM,24,h,24 h,CPC013_A549_24H_X1_F1B6_DUO52HI53LO:A11|CPC013_A549_24H_X2_F1B6_DUO52HI53LO:A11|CPC013_A549_24H_X3_F1B6_DUO52HI53LO:A11
CPC011_A549_24H:BRD-K86003836-001-06-3:10,BRD-K86003836,flubendazole,trt_cp,A549,10.0,µM,10 µM,24,h,24 h,CPC011_A549_24H_X1_F1B6_DUO52HI53LO:A18|CPC011_A549_24H_X3_F1B6_DUO52HI53LO:A18|CPC011_A549_24H_X5_F1B6_DUO52HI53LO:A18
CPC003_HA1E_24H:BRD-K05977355-001-09-1:10,BRD-K05977355,fluconazole,trt_cp,HA1E,10.0,µM,10 µM,24,h,24 h,CPC003_HA1E_24H_X1_B3_DUO52HI53LO:M13|CPC003_HA1E_24H_X2_B3_DUO52HI53LO:M13|CPC003_HA1E_24H_X3_B3_DUO52HI53LO:M13
CPC011_A549_24H:BRD-K82143716-001-13-2:10,BRD-K82143716,flucytosine,trt_cp,A549,10.0,µM,10 µM,24,h,24 h,CPC011_A549_24H_X1_F1B6_DUO52HI53LO:M04|CPC011_A549_24H_X3_F1B6_DUO52HI53LO:M04|CPC011_A549_24H_X5_F1B6_DUO52HI53LO:M04
CPC012_A549_24H:BRD-K72238567-001-12-4:10,BRD-K72238567,fludarabine,trt_cp,A549,10.0,µM,10 µM,24,h,24 h,CPC012_A549_24H_X2_F1B6_DUO52HI53LO:K12|CPC012_A549_24H_X3_F1B6_DUO52HI53LO:K12
CPC002_HA1E_24H:BRD-K98769987-001-09-6:10,BRD-K98769987,flumazenil,trt_cp,HA1E,10.0,µM,10 µM,24,h,24 h,CPC002_HA1E_24H_X1_B3_DUO52HI53LO:H09|CPC002_HA1E_24H_X2_B3_DUO52HI53LO:H09|CPC002_HA1E_24H_X3_B3_DUO52HI53LO:H09
CPD001_MCF7_24H:BRD-A69777949-001-19-2:10,BRD-A69777949,flumequine,trt_cp,MCF7,10.0,µM,10 µM,24,h,24 h,CPD001_MCF7_24H_X1_B6_DUO52HI53LO:J09|CPD001_MCF7_24H_X2_B6_DUO52HI53LO:J09|CPD001_MCF7_24H_X3_B6_DUO52HI53LO:J09
CPD002_MCF7_24H:BRD-K81774264-001-01-6:10,BRD-K81774264,flumethasone,trt_cp,MCF7,10.0,µM,10 µM,24,h,24 h,CPD002_MCF7_24H_X1_B6_DUO52HI53LO:C24|CPD002_MCF7_24H_X2_B6_DUO52HI53LO:C24|CPD002_MCF7_24H_X3_B6_DUO52HI53LO:C24
CPC020_MCF7_24H:BRD-K57886322-001-14-1:10,BRD-K57886322,fluocinonide,trt_cp,MCF7,10.0,µM,10 µM,24,h,24 h,CPC020_MCF7_24H_X1_F1B4_DUO52HI53LO:N05|CPC020_MCF7_24H_X2_F1B4_DUO52HI53LO:N05|CPC020_MCF7_24H_X3_F1B4_DUO52HI53LO:N05|CPC020_MCF7_24H_X4_F2B4_DUO52HI53LO:N05|CPC020_MCF7_24H_X5_B5_DUO52HI53LO:N05
CRCGN001_HA1E_24H:BRD-K24844714-001-16-1:20.6,BRD-K24844714,fluorouracil,trt_cp,HA1E,20.6,µM,20 µM,24,h,24 h,CRCGN001_HA1E_24H_X1_F1B4_DUO52HI53LO:B15|CRCGN001_HA1E_24H_X1_F1B4_DUO52HI53LO:M19|CRCGN001_HA1E_24H_X1_F1B4_DUO52HI53LO:N13|CRCGN001_HA1E_24H_X2_F1B4_DUO52HI53LO:B15|CRCGN001_HA1E_24H_X2_F1B4_DUO52HI53LO:N13|CRCGN001_HA1E_24H_X3_F1B4_DUO52HI53LO:B15|CRCGN001_HA1E_24H_X3_F1B4_DUO52HI53LO:M19|CRCGN001_HA1E_24H_X3_F1B4_DUO52HI53LO:N13
CPC006_A375_24H:BRD-K28307902-001-10-0:28.96,BRD-K28307902,flutamide,trt_cp,A375,28.96,µM,30 µM,24,h,24 h,CPC006_A375_24H_X1_B3_DUO52HI53LO:B20|CPC006_A375_24H_X2_B3_DUO52HI53LO:B20|CPC006_A375_24H_X3_B3_DUO52HI53LO:B20|CPC006_A375_24H_X4_B4_DUO52HI53LO:B20|CPC006_A375_24H_X5_B4_DUO52HI53LO:B20
LJP002_BT20_24H:BRD-K03449891-001-03-7:10,BRD-K03449891,foretinib,trt_cp,BT20,10.0,µM,10 µM,24,h,24 h,LJP002_BT20_24H_X1_F2B5_DUO52HI53LO:K13|LJP002_BT20_24H_X2_F2B5_DUO52HI53LO:K13|LJP002_BT20_24H_X3_F2B5_DUO52HI53LO:K13
CPC003_HA1E_24H:BRD-A31801025-001-01-0:10,BRD-A31801025,formestane,trt_cp,HA1E,10.0,µM,10 µM,24,h,24 h,CPC003_HA1E_24H_X1_B3_DUO52HI53LO:M07|CPC003_HA1E_24H_X2_B3_DUO52HI53LO:M07|CPC003_HA1E_24H_X3_B3_DUO52HI53LO:M07
CPC003_HA1E_24H:BRD-K03015355-003-01-5:10,BRD-K03015355,forskolin,trt_cp,HA1E,10.0,µM,10 µM,24,h,24 h,CPC003_HA1E_24H_X1_B3_DUO52HI53LO:J08|CPC003_HA1E_24H_X2_B3_DUO52HI53LO:J08|CPC003_HA1E_24H_X3_B3_DUO52HI53LO:J08
CPC006_A375_24H:BRD-K20285085-001-01-4:10,BRD-K20285085,fostamatinib,trt_cp,A375,10.0,µM,10 µM,24,h,24 h,CPC006_A375_24H_X1_B3_DUO52HI53LO:P07|CPC006_A375_24H_X2_B3_DUO52HI53LO:P07|CPC006_A375_24H_X3_B3_DUO52HI53LO:P07|CPC006_A375_24H_X4_B4_DUO52HI53LO:P07|CPC006_A375_24H_X5_B4_DUO52HI53LO:P07
ERG005_VCAP_24H:BRD-A90490067-001-02-7:20,BRD-A90490067,fulvestrant,trt_cp,VCAP,20.0,µM,20 µM,24,h,24 h,ERG005_VCAP_24H_X1_B1_UNI5253L:K09|ERG005_VCAP_24H_X1_B1_UNI5253L:N09|ERG005_VCAP_24H_X1_B1_UNI5253R:C16|ERG005_VCAP_24H_X1_B1_UNI5253R:F16
CPD001_MCF7_24H:BRD-K78010432-001-14-0:10,BRD-K78010432,furosemide,trt_cp,MCF7,10.0,µM,10 µM,24,h,24 h,CPD001_MCF7_24H_X1_B6_DUO52HI53LO:E01|CPD001_MCF7_24H_X2_B6_DUO52HI53LO:E01|CPD001_MCF7_24H_X3_B6_DUO52HI53LO:E01
CPC020_MCF7_24H:BRD-K22662435-001-13-4:10,BRD-K22662435,ganciclovir,trt_cp,MCF7,10.0,µM,10 µM,24,h,24 h,CPC020_MCF7_24H_X1_F1B4_DUO52HI53LO:B13|CPC020_MCF7_24H_X2_F1B4_DUO52HI53LO:B13|CPC020_MCF7_24H_X3_F1B4_DUO52HI53LO:B13|CPC020_MCF7_24H_X4_F2B4_DUO52HI53LO:B13|CPC020_MCF7_24H_X5_B5_DUO52HI53LO:B13
CPC013_A549_24H:BRD-K09485525-001-01-3:10,BRD-K09485525,gant-61,trt_cp,A549,10.0,µM,10 µM,24,h,24 h,CPC013_A549_24H_X1_F1B6_DUO52HI53LO:K16|CPC013_A549_24H_X2_F1B6_DUO52HI53LO:K16|CPC013_A549_24H_X3_F1B6_DUO52HI53LO:K16
BRAF001_A375_24H:BRD-K67578145-001-05-5:10,BRD-K67578145,gdc-0879,trt_cp,A375,10.0,µM,10 µM,24,h,24 h,BRAF001_A375_24H_X1_B10:E03|BRAF001_A375_24H_X1_B10:E11|BRAF001_A375_24H_X1_B10:E19|BRAF001_A375_24H_X2_B10:E03|BRAF001_A375_24H_X2_B10:E11|BRAF001_A375_24H_X2_B10:E19|BRAF001_A375_24H_X4_B11:E03|BRAF001_A375_24H_X4_B11:E11|BRAF001_A375_24H_X4_B11:E19
CPC014_A549_24H:BRD-K64052750-001-04-3:10,BRD-K64052750,gefitinib,trt_cp,A549,10.0,µM,10 µM,24,h,24 h,CPC014_A549_24H_X1_F1B6_DUO52HI53LO:F20|CPC014_A549_24H_X2_F1B6_DUO52HI53LO:F20|CPC014_A549_24H_X3_F1B6_DUO52HI53LO:F20
ERG005_VCAP_24H:BRD-A19500257-001-01-3:20,BRD-A19500257,geldanamycin,trt_cp,VCAP,20.0,µM,20 µM,24,h,24 h,ERG005_VCAP_24H_X1_B1_UNI5253L:K10|ERG005_VCAP_24H_X1_B1_UNI5253L:N10|ERG005_VCAP_24H_X1_B1_UNI5253R:C15|ERG005_VCAP_24H_X1_B1_UNI5253R:F15
HOG002_A549_24H:BRD-K15108141-001-01-7:11.1,BRD-K15108141,gemcitabine,trt_cp,A549,11.1,µM,10 µM,24,h,24 h,HOG002_A549_24H_X1_F1B10:I03|HOG002_A549_24H_X2_F1B10:I03|HOG002_A549_24H_X3_F1B10:I03
NMH001_FIBRNPC_24H:BRD-K19669037-019-01-3:10,BRD-K19669037,ggti-298,trt_cp,FIBRNPC,10.0,µM,10 µM,24,h,24 h,NMH001_FIBRNPC_24H_X1_B6_DUO52HI53LO:H10|NMH001_FIBRNPC_24H_X3_B6_DUO52HI53LO:H10
CPC013_A549_24H:BRD-K97056771-001-05-7:10,BRD-K97056771,gnf-2,trt_cp,A549,10.0,µM,10 µM,24,h,24 h,CPC013_A549_24H_X1_F1B6_DUO52HI53LO:O16|CPC013_A549_24H_X2_F1B6_DUO52HI53LO:O16|CPC013_A549_24H_X3_F1B6_DUO52HI53LO:O16
CPC014_A549_24H:BRD-K98684188-001-01-1:10,BRD-K98684188,gsk-0660,trt_cp,A549,10.0,µM,10 µM,24,h,24 h,CPC014_A549_24H_X1_F1B6_DUO52HI53LO:P22|CPC014_A549_24H_X2_F1B6_DUO52HI53LO:P22|CPC014_A549_24H_X3_F1B6_DUO52HI53LO:P22
CPC020_MCF7_24H:BRD-K06750613-001-01-6:10,BRD-K06750613,gsk-1059615,trt_cp,MCF7,10.0,µM,10 µM,24,h,24 h,CPC020_MCF7_24H_X1_F1B4_DUO52HI53LO:E22|CPC020_MCF7_24H_X2_F1B4_DUO52HI53LO:E22|CPC020_MCF7_24H_X3_F1B4_DUO52HI53LO:E22|CPC020_MCF7_24H_X4_F2B4_DUO52HI53LO:E22|CPC020_MCF7_24H_X5_B5_DUO52HI53LO:E22
CPC014_A549_24H:BRD-K36740062-001-01-7:10,BRD-K36740062,gsk-1070916,trt_cp,A549,10.0,µM,10 µM,24,h,24 h,CPC014_A549_24H_X1_F1B6_DUO52HI53LO:E13|CPC014_A549_24H_X2_F1B6_DUO52HI53LO:E13|CPC014_A549_24H_X3_F1B6_DUO52HI53LO:E13
CPC013_A549_24H:BRD-K04833372-001-01-3:10,BRD-K04833372,gsk-1904529a,trt_cp,A549,10.0,µM,10 µM,24,h,24 h,CPC013_A549_24H_X1_F1B6_DUO52HI53LO:I01|CPC013_A549_24H_X2_F1B6_DUO52HI53LO:I01|CPC013_A549_24H_X3_F1B6_DUO52HI53LO:I01
CPC013_ASC_24H:BRD-K92428232-001-01-5:10,BRD-K92428232,gsk-461364,trt_cp,ASC,10.0,µM,10 µM,24,h,24 h,CPC013_ASC_24H_X1_B7_DUO52HI53LO:M24|CPC013_ASC_24H_X2_B7_DUO52HI53LO:M24|CPC013_ASC_24H_X3_B7_DUO52HI53LO:M24|CPC013_ASC_24H_X4_B7_DUO52HI53LO:M24
LJP002_BT20_24H:BRD-A87137733-001-01-5:10,BRD-A87137733,gsk-690693,trt_cp,BT20,10.0,µM,10 µM,24,h,24 h,LJP002_BT20_24H_X1_F2B5_DUO52HI53LO:E23|LJP002_BT20_24H_X2_F2B5_DUO52HI53LO:E23|LJP002_BT20_24H_X3_F2B5_DUO52HI53LO:E23
CPC004_HA1E_24H:BRD-K64245000-001-01-7:10,BRD-K64245000,gw-4064,trt_cp,HA1E,10.0,µM,10 µM,24,h,24 h,CPC004_HA1E_24H_X1_B3_DUO52HI53LO:P12|CPC004_HA1E_24H_X2_B3_DUO52HI53LO:P12|CPC004_HA1E_24H_X3_B3_DUO52HI53LO:P12
CPC002_HA1E_24H:BRD-K04146668-001-01-3:10,BRD-K04146668,gw-441756,trt_cp,HA1E,10.0,µM,10 µM,24,h,24 h,CPC002_HA1E_24H_X1_B3_DUO52HI53LO:F22|CPC002_HA1E_24H_X2_B3_DUO52HI53LO:F22|CPC002_HA1E_24H_X3_B3_DUO52HI53LO:F22
CPC004_HA1E_24H:BRD-K07859598-001-03-9:10,BRD-K07859598,gw-5074,trt_cp,HA1E,10.0,µM,10 µM,24,h,24 h,CPC004_HA1E_24H_X1_B3_DUO52HI53LO:N22|CPC004_HA1E_24H_X2_B3_DUO52HI53LO:N22|CPC004_HA1E_24H_X3_B3_DUO52HI53LO:N22
CPC001_HA1E_24H:BRD-K71534238-001-03-5:10,BRD-K71534238,gw-9508,trt_cp,HA1E,10.0,µM,10 µM,24,h,24 h,CPC001_HA1E_24H_X1_B3_DUO52HI53LO:K22|CPC001_HA1E_24H_X2_B3_DUO52HI53LO:K22|CPC001_HA1E_24H_X3_B3_DUO52HI53LO:K22
CPC002_HA1E_24H:BRD-K93258693-001-05-8:10,BRD-K93258693,gw-9662,trt_cp,HA1E,10.0,µM,10 µM,24,h,24 h,CPC002_HA1E_24H_X1_B3_DUO52HI53LO:L06|CPC002_HA1E_24H_X2_B3_DUO52HI53LO:L06|CPC002_HA1E_24H_X3_B3_DUO52HI53LO:L06
CPD003_MCF7_24H:BRD-A51964809-003-09-2:10,BRD-A51964809,halofantrine,trt_cp,MCF7,10.0,µM,10 µM,24,h,24 h,CPD003_MCF7_24H_X1_B6_DUO52HI53LO:P03|CPD003_MCF7_24H_X2.L2_B6_DUO52HI53LO:P03|CPD003_MCF7_24H_X3.L2_B6_DUO52HI53LO:P03|CPD003_MCF7_24H_X3_B6_DUO52HI53LO:P03
CPC001_HA1E_24H:BRD-K76674262-001-01-7:10,BRD-K76674262,homoharringtonine,trt_cp,HA1E,10.0,µM,10 µM,24,h,24 h,CPC001_HA1E_24H_X1_B3_DUO52HI53LO:M20|CPC001_HA1E_24H_X2_B3_DUO52HI53LO:M20|CPC001_HA1E_24H_X3_B3_DUO52HI53LO:M20
CPD002_MCF7_24H:BRD-A99117172-065-03-2:10,BRD-A99117172,hydroxychloroquine,trt_cp,MCF7,10.0,µM,10 µM,24,h,24 h,CPD002_MCF7_24H_X1_B6_DUO52HI53LO:J21|CPD002_MCF7_24H_X2_B6_DUO52HI53LO:J21|CPD002_MCF7_24H_X3_B6_DUO52HI53LO:J21
CPC005_A375_24H:BRD-K46424862-001-04-2:10,BRD-K46424862,hymecromone,trt_cp,A375,10.0,µM,10 µM,24,h,24 h,CPC005_A375_24H_X1_B3_DUO52HI53LO:H03|CPC005_A375_24H_X2_B3_DUO52HI53LO:H03|CPC005_A375_24H_X3_B3_DUO52HI53LO:H03
ERG011_VCAP_24H:BRD-K60866521-001-02-2:10,BRD-K60866521,idelalisib,trt_cp,VCAP,10.0,µM,10 µM,24,h,24 h,ERG011_VCAP_24H_X1_B7_DUO52HI53LO:L11|ERG011_VCAP_24H_X2_B7_DUO52HI53LO:L11|ERG011_VCAP_24H_X3_B7_DUO52HI53LO:L11
CRCGN001_HA1E_24H:BRD-A67097164-001-14-6:20,BRD-A67097164,ifosfamide,trt_cp,HA1E,20.0,µM,20 µM,24,h,24 h,CRCGN001_HA1E_24H_X1_F1B4_DUO52HI53LO:C22|CRCGN001_HA1E_24H_X1_F1B4_DUO52HI53LO:D09|CRCGN001_HA1E_24H_X1_F1B4_DUO52HI53LO:K16|CRCGN001_HA1E_24H_X2_F1B4_DUO52HI53LO:C22|CRCGN001_HA1E_24H_X2_F1B4_DUO52HI53LO:D09|CRCGN001_HA1E_24H_X2_F1B4_DUO52HI53LO:K16|CRCGN001_HA1E_24H_X3_F1B4_DUO52HI53LO:C22|CRCGN001_HA1E_24H_X3_F1B4_DUO52HI53LO:D09|CRCGN001_HA1E_24H_X3_F1B4_DUO52HI53LO:K16
CPC011_A549_24H:BRD-K92723993-066-13-6:10,BRD-K92723993,imatinib,trt_cp,A549,10.0,µM,10 µM,24,h,24 h,CPC011_A549_24H_X1_F1B6_DUO52HI53LO:B24|CPC011_A549_24H_X3_F1B6_DUO52HI53LO:B24|CPC011_A549_24H_X5_F1B6_DUO52HI53LO:B24
CPC006_A375_24H:BRD-K26657438-001-01-2:10,BRD-K26657438,imiquimod,trt_cp,A375,10.0,µM,10 µM,24,h,24 h,CPC006_A375_24H_X1_B3_DUO52HI53LO:K19|CPC006_A375_24H_X2_B3_DUO52HI53LO:K19|CPC006_A375_24H_X3_B3_DUO52HI53LO:K19|CPC006_A375_24H_X4_B4_DUO52HI53LO:K19|CPC006_A375_24H_X5_B4_DUO52HI53LO:K19
CPC003_HA1E_24H:BRD-K01815685-001-07-2:10,BRD-K01815685,indole-3-carbinol,trt_cp,HA1E,10.0,µM,10 µM,24,h,24 h,CPC003_HA1E_24H_X1_B3_DUO52HI53LO:I11|CPC003_HA1E_24H_X2_B3_DUO52HI53LO:I11|CPC003_HA1E_24H_X3_B3_DUO52HI53LO:I11
CPC002_HA1E_24H:BRD-K08547377-003-03-2:10,BRD-K08547377,irinotecan,trt_cp,HA1E,10.0,µM,10 µM,24,h,24 h,CPC002_HA1E_24H_X1_B3_DUO52HI53LO:J19|CPC002_HA1E_24H_X2_B3_DUO52HI53LO:J19|CPC002_HA1E_24H_X3_B3_DUO52HI53LO:J19
CRCGN001_HA1E_24H:BRD-K87202646-001-24-3:20.1,BRD-K87202646,isoniazid,trt_cp,HA1E,20.1,µM,20 µM,24,h,24 h,CRCGN001_HA1E_24H_X1_F1B4_DUO52HI53LO:C02|CRCGN001_HA1E_24H_X1_F1B4_DUO52HI53LO:E16|CRCGN001_HA1E_24H_X1_F1B4_DUO52HI53LO:J03|CRCGN001_HA1E_24H_X2_F1B4_DUO52HI53LO:C02|CRCGN001_HA1E_24H_X2_F1B4_DUO52HI53LO:E16|CRCGN001_HA1E_24H_X2_F1B4_DUO52HI53LO:J03|CRCGN001_HA1E_24H_X3_F1B4_DUO52HI53LO:C02|CRCGN001_HA1E_24H_X3_F1B4_DUO52HI53LO:E16|CRCGN001_HA1E_24H_X3_F1B4_DUO52HI53LO:J03
CPC006_A375_24H:BRD-A34817987-001-11-8:10,BRD-A34817987,itraconazole,trt_cp,A375,10.0,µM,10 µM,24,h,24 h,CPC006_A375_24H_X1_B3_DUO52HI53LO:L21|CPC006_A375_24H_X2_B3_DUO52HI53LO:L21|CPC006_A375_24H_X3_B3_DUO52HI53LO:L21|CPC006_A375_24H_X4_B4_DUO52HI53LO:L21|CPC006_A375_24H_X5_B4_DUO52HI53LO:L21
CPC006_A375_24H:BRD-K45446451-001-01-9:11.1,BRD-K45446451,jzl-184,trt_cp,A375,11.1,µM,10 µM,24,h,24 h,CPC006_A375_24H_X1_B3_DUO52HI53LO:H09|CPC006_A375_24H_X2_B3_DUO52HI53LO:H09|CPC006_A375_24H_X3_B3_DUO52HI53LO:H09|CPC006_A375_24H_X4_B4_DUO52HI53LO:H09|CPC006_A375_24H_X5_B4_DUO52HI53LO:H09
CPC006_A375_24H:BRD-K67566344-001-01-8:10,BRD-K67566344,ku-0063794,trt_cp,A375,10.0,µM,10 µM,24,h,24 h,CPC006_A375_24H_X1_B3_DUO52HI53LO:G06|CPC006_A375_24H_X2_B3_DUO52HI53LO:G06|CPC006_A375_24H_X3_B3_DUO52HI53LO:G06|CPC006_A375_24H_X4_B4_DUO52HI53LO:G06|CPC006_A375_24H_X5_B4_DUO52HI53LO:G06
CPC014_A549_24H:BRD-K25311561-001-02-4:10,BRD-K25311561,ku-55933,trt_cp,A549,10.0,µM,10 µM,24,h,24 h,CPC014_A549_24H_X1_F1B6_DUO52HI53LO:O20|CPC014_A549_24H_X2_F1B6_DUO52HI53LO:O20|CPC014_A549_24H_X3_F1B6_DUO52HI53LO:O20
LJP002_BT20_24H:BRD-A90451247-001-01-4:10,BRD-A90451247,ku-60019,trt_cp,BT20,10.0,µM,10 µM,24,h,24 h,LJP002_BT20_24H_X1_F2B5_DUO52HI53LO:K09|LJP002_BT20_24H_X2_F2B5_DUO52HI53LO:K09|LJP002_BT20_24H_X3_F2B5_DUO52HI53LO:K09
CPC012_A549_24H:BRD-M07438658-001-01-1:10,BRD-M07438658,lapatinib,trt_cp,A549,10.0,µM,10 µM,24,h,24 h,CPC012_A549_24H_X2_F1B6_DUO52HI53LO:E02|CPC012_A549_24H_X3_F1B6_DUO52HI53LO:E02
CPC001_HA1E_24H:BRD-K78692225-001-11-2:10,BRD-K78692225,leflunomide,trt_cp,HA1E,10.0,µM,10 µM,24,h,24 h,CPC001_HA1E_24H_X1_B3_DUO52HI53LO:O14|CPC001_HA1E_24H_X2_B3_DUO52HI53LO:O14|CPC001_HA1E_24H_X3_B3_DUO52HI53LO:O14
CPC006_A375_24H:BRD-A17883755-001-02-0:177.6,BRD-A17883755,lenalidomide,trt_cp,A375,177.6,µM,100 µM,24,h,24 h,CPC006_A375_24H_X1_B3_DUO52HI53LO:H06|CPC006_A375_24H_X2_B3_DUO52HI53LO:H06|CPC006_A375_24H_X3_B3_DUO52HI53LO:H06|CPC006_A375_24H_X4_B4_DUO52HI53LO:H06|CPC006_A375_24H_X5_B4_DUO52HI53LO:H06
CPC014_A549_24H:BRD-K23192422-001-01-1:10,BRD-K23192422,lestaurtinib,trt_cp,A549,10.0,µM,10 µM,24,h,24 h,CPC014_A549_24H_X1_F1B6_DUO52HI53LO:L22|CPC014_A549_24H_X2_F1B6_DUO52HI53LO:L22|CPC014_A549_24H_X3_F1B6_DUO52HI53LO:L22
CPC005_A375_24H:BRD-K88789588-001-03-2:10,BRD-K88789588,letrozole,trt_cp,A375,10.0,µM,10 µM,24,h,24 h,CPC005_A375_24H_X1_B3_DUO52HI53LO:D14|CPC005_A375_24H_X2_B3_DUO52HI53LO:D14|CPC005_A375_24H_X3_B3_DUO52HI53LO:D14
CPC006_A375_24H:BRD-A30655177-001-08-2:111.11,BRD-A30655177,lfm-a13,trt_cp,A375,111.11,µM,100 µM,24,h,24 h,CPC006_A375_24H_X1_B3_DUO52HI53LO:F10|CPC006_A375_24H_X2_B3_DUO52HI53LO:F10|CPC006_A375_24H_X3_B3_DUO52HI53LO:F10|CPC006_A375_24H_X4_B4_DUO52HI53LO:F10|CPC006_A375_24H_X5_B4_DUO52HI53LO:F10
CPC006_A375_24H:BRD-K08589866-001-01-0:10,BRD-K08589866,linsitinib,trt_cp,A375,10.0,µM,10 µM,24,h,24 h,CPC006_A375_24H_X1_B3_DUO52HI53LO:L10|CPC006_A375_24H_X2_B3_DUO52HI53LO:L10|CPC006_A375_24H_X3_B3_DUO52HI53LO:L10|CPC006_A375_24H_X4_B4_DUO52HI53LO:L10|CPC006_A375_24H_X5_B4_DUO52HI53LO:L10
CRCGN001_HA1E_24H:BRD-A35258977-001-01-7:20.1,BRD-A35258977,mannitol,trt_cp,HA1E,20.1,µM,20 µM,24,h,24 h,CRCGN001_HA1E_24H_X1_F1B4_DUO52HI53LO:C08|CRCGN001_HA1E_24H_X3_F1B4_DUO52HI53LO:C08|CRCGN001_HA1E_24H_X1_F1B4_DUO52HI53LO:E11|CRCGN001_HA1E_24H_X1_F1B4_DUO52HI53LO:N03|CRCGN001_HA1E_24H_X2_F1B4_DUO52HI53LO:E11|CRCGN001_HA1E_24H_X2_F1B4_DUO52HI53LO:N03|CRCGN001_HA1E_24H_X3_F1B4_DUO52HI53LO:E11|CRCGN001_HA1E_24H_X3_F1B4_DUO52HI53LO:N03
CPC020_MCF7_24H:BRD-K40645748-003-11-9:10,BRD-K40645748,mefloquine,trt_cp,MCF7,10.0,µM,10 µM,24,h,24 h,CPC020_MCF7_24H_X1_F1B4_DUO52HI53LO:P05|CPC020_MCF7_24H_X2_F1B4_DUO52HI53LO:P05|CPC020_MCF7_24H_X3_F1B4_DUO52HI53LO:P05|CPC020_MCF7_24H_X4_F2B4_DUO52HI53LO:P05|CPC020_MCF7_24H_X5_B5_DUO52HI53LO:P05
CRCGN001_HA1E_24H:BRD-A08200164-001-01-5:9.9,BRD-A08200164,melphalan,trt_cp,HA1E,9.9,µM,10 µM,24,h,24 h,CRCGN001_HA1E_24H_X1_F1B4_DUO52HI53LO:J04|CRCGN001_HA1E_24H_X1_F1B4_DUO52HI53LO:J06|CRCGN001_HA1E_24H_X1_F1B4_DUO52HI53LO:O07|CRCGN001_HA1E_24H_X2_F1B4_DUO52HI53LO:J04|CRCGN001_HA1E_24H_X2_F1B4_DUO52HI53LO:J06|CRCGN001_HA1E_24H_X2_F1B4_DUO52HI53LO:O07|CRCGN001_HA1E_24H_X3_F1B4_DUO52HI53LO:J04|CRCGN001_HA1E_24H_X3_F1B4_DUO52HI53LO:J06|CRCGN001_HA1E_24H_X3_F1B4_DUO52HI53LO:O07
CPC005_A375_24H:BRD-A45889380-300-04-8:10,BRD-A45889380,mepacrine,trt_cp,A375,10.0,µM,10 µM,24,h,24 h,CPC005_A375_24H_X1_B3_DUO52HI53LO:A05|CPC005_A375_24H_X2_B3_DUO52HI53LO:A05|CPC005_A375_24H_X3_B3_DUO52HI53LO:A05
CRCGN001_HA1E_24H:BRD-K91601245-002-05-2:20,BRD-K91601245,mercaptopurine,trt_cp,HA1E,20.0,µM,20 µM,24,h,24 h,CRCGN001_HA1E_24H_X1_F1B4_DUO52HI53LO:F04|CRCGN001_HA1E_24H_X1_F1B4_DUO52HI53LO:L06|CRCGN001_HA1E_24H_X1_F1B4_DUO52HI53LO:O17|CRCGN001_HA1E_24H_X2_F1B4_DUO52HI53LO:F04|CRCGN001_HA1E_24H_X2_F1B4_DUO52HI53LO:L06|CRCGN001_HA1E_24H_X2_F1B4_DUO52HI53LO:O17|CRCGN001_HA1E_24H_X3_F1B4_DUO52HI53LO:F04|CRCGN001_HA1E_24H_X3_F1B4_DUO52HI53LO:L06|CRCGN001_HA1E_24H_X3_F1B4_DUO52HI53LO:O17
BRAF001_A375_24H:BRD-K79602928-003-13-2:10,BRD-K79602928,metformin,trt_cp,A375,10.0,µM,10 µM,24,h,24 h,BRAF001_A375_24H_X1_B10:A07|BRAF001_A375_24H_X1_B10:A15|BRAF001_A375_24H_X1_B10:A23|BRAF001_A375_24H_X2_B10:A07|BRAF001_A375_24H_X2_B10:A15|BRAF001_A375_24H_X2_B10:A23|BRAF001_A375_24H_X4_B11:A07|BRAF001_A375_24H_X4_B11:A15|BRAF001_A375_24H_X4_B11:A23
CPC011_A549_24H:BRD-K59456551-002-15-8:10,BRD-K59456551,methotrexate,trt_cp,A549,10.0,µM,10 µM,24,h,24 h,CPC011_A549_24H_X1_F1B6_DUO52HI53LO:M19|CPC011_A549_24H_X3_F1B6_DUO52HI53LO:M19|CPC011_A549_24H_X5_F1B6_DUO52HI53LO:M19
CPC005_A375_24H:BRD-K63430059-001-09-9:10,BRD-K63430059,methoxsalen,trt_cp,A375,10.0,µM,10 µM,24,h,24 h,CPC005_A375_24H_X1_B3_DUO52HI53LO:C24|CPC005_A375_24H_X2_B3_DUO52HI53LO:C24|CPC005_A375_24H_X3_B3_DUO52HI53LO:C24
CPC002_HA1E_24H:BRD-K13646352-001-01-2:10,BRD-K13646352,midostaurin,trt_cp,HA1E,10.0,µM,10 µM,24,h,24 h,CPC002_HA1E_24H_X1_B3_DUO52HI53LO:O10|CPC002_HA1E_24H_X2_B3_DUO52HI53LO:O10|CPC002_HA1E_24H_X3_B3_DUO52HI53LO:O10
CPC004_HA1E_24H:BRD-A31204924-001-07-6:10,BRD-A31204924,mitotane,trt_cp,HA1E,10.0,µM,10 µM,24,h,24 h,CPC004_HA1E_24H_X1_B3_DUO52HI53LO:D07|CPC004_HA1E_24H_X2_B3_DUO52HI53LO:D07|CPC004_HA1E_24H_X3_B3_DUO52HI53LO:D07
ASG001_MCF7_24H:BRD-K21680192-300-08-6:10,BRD-K21680192,mitoxantrone,trt_cp,MCF7,10.0,µM,10 µM,24,h,24 h,ASG001_MCF7_24H_X1_B7_DUO52HI53LO:A14|ASG001_MCF7_24H_X1_B7_DUO52HI53LO:E14|ASG001_MCF7_24H_X1_B7_DUO52HI53LO:I14|ASG001_MCF7_24H_X1_B7_DUO52HI53LO:M14
CPC006_A375_24H:BRD-K68065987-300-03-4:10,BRD-K68065987,mk-2206,trt_cp,A375,10.0,µM,10 µM,24,h,24 h,CPC006_A375_24H_X1_B3_DUO52HI53LO:C17|CPC006_A375_24H_X2_B3_DUO52HI53LO:C17|CPC006_A375_24H_X3_B3_DUO52HI53LO:C17|CPC006_A375_24H_X4_B4_DUO52HI53LO:C17|CPC006_A375_24H_X5_B4_DUO52HI53LO:C17
PCLB003_A375_24H:BRD-K53665955-001-01-4:10,BRD-K53665955,mk-5108,trt_cp,A375,10.0,µM,10 µM,24,h,24 h,PCLB003_A375_24H_X1_B13:K19|PCLB003_A375_24H_X2_B13:K19|PCLB003_A375_24H_X3_B13:K19
NMH001_FIBRNPC_24H:BRD-K29064493-001-01-0:10,BRD-K29064493,mk-801,trt_cp,FIBRNPC,10.0,µM,10 µM,24,h,24 h,NMH001_FIBRNPC_24H_X1_B6_DUO52HI53LO:B05|NMH001_FIBRNPC_24H_X3_B6_DUO52HI53LO:B05
CPC006_A375_24H:BRD-K82746043-001-03-7:10,BRD-K82746043,navitoclax,trt_cp,A375,10.0,µM,10 µM,24,h,24 h,CPC006_A375_24H_X1_B3_DUO52HI53LO:I04|CPC006_A375_24H_X2_B3_DUO52HI53LO:I04|CPC006_A375_24H_X3_B3_DUO52HI53LO:I04|CPC006_A375_24H_X4_B4_DUO52HI53LO:I04|CPC006_A375_24H_X5_B4_DUO52HI53LO:I04
CPC011_A549_24H:BRD-K74117820-066-08-2:10,BRD-K74117820,nelfinavir,trt_cp,A549,10.0,µM,10 µM,24,h,24 h,CPC011_A549_24H_X1_F1B6_DUO52HI53LO:N05|CPC011_A549_24H_X3_F1B6_DUO52HI53LO:N05|CPC011_A549_24H_X5_F1B6_DUO52HI53LO:N05
CPC004_HA1E_24H:BRD-K35960502-001-10-1:10,BRD-K35960502,niclosamide,trt_cp,HA1E,10.0,µM,10 µM,24,h,24 h,CPC004_HA1E_24H_X1_B3_DUO52HI53LO:D12|CPC004_HA1E_24H_X2_B3_DUO52HI53LO:D12|CPC004_HA1E_24H_X3_B3_DUO52HI53LO:D12
CPC014_A549_24H:BRD-K81528515-001-03-9:10,BRD-K81528515,nilotinib,trt_cp,A549,10.0,µM,10 µM,24,h,24 h,CPC014_A549_24H_X1_F1B6_DUO52HI53LO:K17|CPC014_A549_24H_X2_F1B6_DUO52HI53LO:K17|CPC014_A549_24H_X3_F1B6_DUO52HI53LO:K17
CPC003_HA1E_24H:BRD-K23566484-001-09-4:10,BRD-K23566484,nilutamide,trt_cp,HA1E,10.0,µM,10 µM,24,h,24 h,CPC003_HA1E_24H_X1_B3_DUO52HI53LO:G23|CPC003_HA1E_24H_X2_B3_DUO52HI53LO:G23|CPC003_HA1E_24H_X3_B3_DUO52HI53LO:G23
CPC011_A549_24H:BRD-A96107863-001-10-0:10,BRD-A96107863,nisoldipine,trt_cp,A549,10.0,µM,10 µM,24,h,24 h,CPC011_A549_24H_X1_F1B6_DUO52HI53LO:O18|CPC011_A549_24H_X3_F1B6_DUO52HI53LO:O18
CPC014_A549_24H:BRD-K00337317-001-01-7:10,BRD-K00337317,nu-7441,trt_cp,A549,10.0,µM,10 µM,24,h,24 h,CPC014_A549_24H_X1_F1B6_DUO52HI53LO:E11|CPC014_A549_24H_X2_F1B6_DUO52HI53LO:E11|CPC014_A549_24H_X3_F1B6_DUO52HI53LO:E11
CPC006_A375_24H:BRD-A12230535-001-02-6:44.4,BRD-A12230535,nutlin-3,trt_cp,A375,44.4,µM,40 µM,24,h,24 h,CPC006_A375_24H_X1_B3_DUO52HI53LO:F02|CPC006_A375_24H_X2_B3_DUO52HI53LO:F02|CPC006_A375_24H_X3_B3_DUO52HI53LO:F02|CPC006_A375_24H_X5_B4_DUO52HI53LO:F02
CPC006_A375_24H:BRD-K02113016-001-01-4:44.4,BRD-K02113016,olaparib,trt_cp,A375,44.4,µM,40 µM,24,h,24 h,CPC006_A375_24H_X1_B3_DUO52HI53LO:J02|CPC006_A375_24H_X2_B3_DUO52HI53LO:J02|CPC006_A375_24H_X3_B3_DUO52HI53LO:J02|CPC006_A375_24H_X4_B4_DUO52HI53LO:J02|CPC006_A375_24H_X5_B4_DUO52HI53LO:J02
CPC011_A549_24H:BRD-K63343048-001-07-2:10,BRD-K63343048,orlistat,trt_cp,A549,10.0,µM,10 µM,24,h,24 h,CPC011_A549_24H_X1_F1B6_DUO52HI53LO:I08|CPC011_A549_24H_X3_F1B6_DUO52HI53LO:I08|CPC011_A549_24H_X5_F1B6_DUO52HI53LO:I08
CPD003_MCF7_24H:BRD-A33749298-001-13-4:10,BRD-A33749298,oxyphenbutazone,trt_cp,MCF7,10.0,µM,10 µM,24,h,24 h,CPD003_MCF7_24H_X1_B6_DUO52HI53LO:B20|CPD003_MCF7_24H_X2.L2_B6_DUO52HI53LO:B20|CPD003_MCF7_24H_X3.L2_B6_DUO52HI53LO:B20|CPD003_MCF7_24H_X3_B6_DUO52HI53LO:B20
CPC001_HA1E_24H:BRD-A23723433-001-01-2:10,BRD-A23723433,paclitaxel,trt_cp,HA1E,10.0,µM,10 µM,24,h,24 h,CPC001_HA1E_24H_X1_B3_DUO52HI53LO:N19|CPC001_HA1E_24H_X2_B3_DUO52HI53LO:N19|CPC001_HA1E_24H_X3_B3_DUO52HI53LO:N19
CPC014_A549_24H:BRD-K51313569-001-02-9:10,BRD-K51313569,palbociclib,trt_cp,A549,10.0,µM,10 µM,24,h,24 h,CPC014_A549_24H_X1_F1B6_DUO52HI53LO:G07|CPC014_A549_24H_X2_F1B6_DUO52HI53LO:G07|CPC014_A549_24H_X3_F1B6_DUO52HI53LO:G07
CPC006_A375_24H:BRD-K81651477-001-03-5:20,BRD-K81651477,parthenolide,trt_cp,A375,20.0,µM,20 µM,24,h,24 h,CPC006_A375_24H_X1_B3_DUO52HI53LO:H20|CPC006_A375_24H_X2_B3_DUO52HI53LO:H20|CPC006_A375_24H_X3_B3_DUO52HI53LO:H20|CPC006_A375_24H_X4_B4_DUO52HI53LO:H20|CPC006_A375_24H_X5_B4_DUO52HI53LO:H20
CPC014_A549_24H:BRD-K74514084-003-01-9:10,BRD-K74514084,pazopanib,trt_cp,A549,10.0,µM,10 µM,24,h,24 h,CPC014_A549_24H_X1_F1B6_DUO52HI53LO:B16|CPC014_A549_24H_X2_F1B6_DUO52HI53LO:B16|CPC014_A549_24H_X3_F1B6_DUO52HI53LO:B16
CPC006_A375_24H:BRD-K55395145-001-01-7:88.8,BRD-K55395145,pemetrexed,trt_cp,A375,88.8,µM,90 µM,24,h,24 h,CPC006_A375_24H_X1_B3_DUO52HI53LO:D21|CPC006_A375_24H_X2_B3_DUO52HI53LO:D21|CPC006_A375_24H_X3_B3_DUO52HI53LO:D21|CPC006_A375_24H_X4_B4_DUO52HI53LO:D21|CPC006_A375_24H_X5_B4_DUO52HI53LO:D21
CPC006_A375_24H:BRD-K67844266-001-01-3:11.1,BRD-K67844266,pevonedistat,trt_cp,A375,11.1,µM,10 µM,24,h,24 h,CPC006_A375_24H_X1_B3_DUO52HI53LO:H21|CPC006_A375_24H_X2_B3_DUO52HI53LO:H21|CPC006_A375_24H_X3_B3_DUO52HI53LO:H21|CPC006_A375_24H_X4_B4_DUO52HI53LO:H21|CPC006_A375_24H_X5_B4_DUO52HI53LO:H21
CPC006_A375_24H:BRD-K73319509-001-02-3:40,BRD-K73319509,pf-04217903,trt_cp,A375,40.0,µM,40 µM,24,h,24 h,CPC006_A375_24H_X1_B3_DUO52HI53LO:F24|CPC006_A375_24H_X2_B3_DUO52HI53LO:F24|CPC006_A375_24H_X3_B3_DUO52HI53LO:F24|CPC006_A375_24H_X4_B4_DUO52HI53LO:F24|CPC006_A375_24H_X5_B4_DUO52HI53LO:F24
LJP002_BT20_24H:BRD-K93788137-001-01-7:10,BRD-K93788137,pf-431396,trt_cp,BT20,10.0,µM,10 µM,24,h,24 h,LJP002_BT20_24H_X1_F2B5_DUO52HI53LO:C21|LJP002_BT20_24H_X2_F2B5_DUO52HI53LO:C21|LJP002_BT20_24H_X3_F2B5_DUO52HI53LO:C21
CPC003_HA1E_24H:BRD-K95435023-001-01-0:10,BRD-K95435023,pha-665752,trt_cp,HA1E,10.0,µM,10 µM,24,h,24 h,CPC003_HA1E_24H_X1_B3_DUO52HI53LO:M19
CPC004_HA1E_24H:BRD-A48430263-003-06-5:10,BRD-A48430263,pioglitazone,trt_cp,HA1E,10.0,µM,10 µM,24,h,24 h,CPC004_HA1E_24H_X1_B3_DUO52HI53LO:L08|CPC004_HA1E_24H_X2_B3_DUO52HI53LO:L08|CPC004_HA1E_24H_X3_B3_DUO52HI53LO:L08
CPC004_HA1E_24H:BRD-K24132293-001-13-7:10,BRD-K24132293,piperlongumine,trt_cp,HA1E,10.0,µM,10 µM,24,h,24 h,CPC004_HA1E_24H_X1_B3_DUO52HI53LO:I03|CPC004_HA1E_24H_X2_B3_DUO52HI53LO:I03|CPC004_HA1E_24H_X3_B3_DUO52HI53LO:I03
BRAF001_A375_24H:BRD-K16478699-001-05-0:10,BRD-K16478699,plx-4720,trt_cp,A375,10.0,µM,10 µM,24,h,24 h,BRAF001_A375_24H_X1_B10:M05|BRAF001_A375_24H_X1_B10:M13|BRAF001_A375_24H_X1_B10:M21|BRAF001_A375_24H_X2_B10:M05|BRAF001_A375_24H_X2_B10:M13|BRAF001_A375_24H_X2_B10:M21|BRAF001_A375_24H_X4_B11:M05|BRAF001_A375_24H_X4_B11:M13|BRAF001_A375_24H_X4_B11:M21
CPC006_A375_24H:BRD-K30707190-001-02-5:80,BRD-K30707190,pnu-74654,trt_cp,A375,80.0,µM,80 µM,24,h,24 h,CPC006_A375_24H_X1_B3_DUO52HI53LO:D02|CPC006_A375_24H_X2_B3_DUO52HI53LO:D02|CPC006_A375_24H_X3_B3_DUO52HI53LO:D02|CPC006_A375_24H_X4_B4_DUO52HI53LO:D02|CPC006_A375_24H_X5_B4_DUO52HI53LO:D02
CPC003_HA1E_24H:BRD-K13032584-003-03-7:10,BRD-K13032584,procarbazine,trt_cp,HA1E,10.0,µM,10 µM,24,h,24 h,CPC003_HA1E_24H_X1_B3_DUO52HI53LO:E17|CPC003_HA1E_24H_X2_B3_DUO52HI53LO:E17|CPC003_HA1E_24H_X3_B3_DUO52HI53LO:E17
CPC006_A375_24H:BRD-A56592690-001-01-9:30,BRD-A56592690,px-12,trt_cp,A375,30.0,µM,30 µM,24,h,24 h,CPC006_A375_24H_X1_B3_DUO52HI53LO:P10|CPC006_A375_24H_X2_B3_DUO52HI53LO:P10|CPC006_A375_24H_X3_B3_DUO52HI53LO:P10|CPC006_A375_24H_X4_B4_DUO52HI53LO:P10|CPC006_A375_24H_X5_B4_DUO52HI53LO:P10
CPC002_HA1E_24H:BRD-K01567962-001-07-3:10,BRD-K01567962,pyrazolanthrone,trt_cp,HA1E,10.0,µM,10 µM,24,h,24 h,CPC002_HA1E_24H_X1_B3_DUO52HI53LO:L23|CPC002_HA1E_24H_X2_B3_DUO52HI53LO:L23|CPC002_HA1E_24H_X3_B3_DUO52HI53LO:L23
CPC006_A375_24H:BRD-K02526760-001-01-5:10,BRD-K02526760,qs-11,trt_cp,A375,10.0,µM,10 µM,24,h,24 h,CPC006_A375_24H_X1_B3_DUO52HI53LO:J22|CPC006_A375_24H_X2_B3_DUO52HI53LO:J22|CPC006_A375_24H_X3_B3_DUO52HI53LO:J22|CPC006_A375_24H_X4_B4_DUO52HI53LO:J22|CPC006_A375_24H_X5_B4_DUO52HI53LO:J22
CPC006_A375_24H:BRD-U94846492-000-01-1:10,BRD-U94846492,quinine,trt_cp,A375,10.0,µM,10 µM,24,h,24 h,CPC006_A375_24H_X1_B3_DUO52HI53LO:I13|CPC006_A375_24H_X2_B3_DUO52HI53LO:I13|CPC006_A375_24H_X3_B3_DUO52HI53LO:I13|CPC006_A375_24H_X4_B4_DUO52HI53LO:I13|CPC006_A375_24H_X5_B4_DUO52HI53LO:I13
CPC004_HA1E_24H:BRD-K63828191-003-11-5:10,BRD-K63828191,raloxifene,trt_cp,HA1E,10.0,µM,10 µM,24,h,24 h,CPC004_HA1E_24H_X1_B3_DUO52HI53LO:L07|CPC004_HA1E_24H_X2_B3_DUO52HI53LO:L07|CPC004_HA1E_24H_X3_B3_DUO52HI53LO:L07
CPC011_A549_24H:BRD-K51485625-001-04-3:10,BRD-K51485625,ritonavir,trt_cp,A549,10.0,µM,10 µM,24,h,24 h,CPC011_A549_24H_X1_F1B6_DUO52HI53LO:B08|CPC011_A549_24H_X3_F1B6_DUO52HI53LO:B08|CPC011_A549_24H_X5_F1B6_DUO52HI53LO:B08
CPC006_A375_24H:BRD-A97437073-001-03-1:80,BRD-A97437073,rosiglitazone,trt_cp,A375,80.0,µM,80 µM,24,h,24 h,CPC006_A375_24H_X1_B3_DUO52HI53LO:B12|CPC006_A375_24H_X2_B3_DUO52HI53LO:B12|CPC006_A375_24H_X3_B3_DUO52HI53LO:B12|CPC006_A375_24H_X4_B4_DUO52HI53LO:B12|CPC006_A375_24H_X5_B4_DUO52HI53LO:B12
CPC014_A549_24H:BRD-K53972329-001-01-3:10,BRD-K53972329,ruxolitinib,trt_cp,A549,10.0,µM,10 µM,24,h,24 h,CPC014_A549_24H_X1_F1B6_DUO52HI53LO:D14|CPC014_A549_24H_X2_F1B6_DUO52HI53LO:D14|CPC014_A549_24H_X3_F1B6_DUO52HI53LO:D14
CPC004_HA1E_24H:BRD-A06352508-001-02-9:10,BRD-A06352508,sb-218078,trt_cp,HA1E,10.0,µM,10 µM,24,h,24 h,CPC004_HA1E_24H_X1_B3_DUO52HI53LO:A14|CPC004_HA1E_24H_X2_B3_DUO52HI53LO:A14|CPC004_HA1E_24H_X3_B3_DUO52HI53LO:A14
CPC006_A375_24H:BRD-K61323504-001-03-2:11.1,BRD-K61323504,sb-225002,trt_cp,A375,11.1,µM,10 µM,24,h,24 h,CPC006_A375_24H_X1_B3_DUO52HI53LO:M22|CPC006_A375_24H_X2_B3_DUO52HI53LO:M22|CPC006_A375_24H_X3_B3_DUO52HI53LO:M22|CPC006_A375_24H_X4_B4_DUO52HI53LO:M22|CPC006_A375_24H_X5_B4_DUO52HI53LO:M22
CPC006_A375_24H:BRD-K57080016-001-04-3:80,BRD-K57080016,selumetinib,trt_cp,A375,80.0,µM,80 µM,24,h,24 h,CPC006_A375_24H_X1_B3_DUO52HI53LO:D04|CPC006_A375_24H_X2_B3_DUO52HI53LO:D04|CPC006_A375_24H_X3_B3_DUO52HI53LO:D04|CPC006_A375_24H_X5_B4_DUO52HI53LO:D04
ERG005_VCAP_24H:BRD-A79768653-001-01-3:20,BRD-A79768653,sirolimus,trt_cp,VCAP,20.0,µM,20 µM,24,h,24 h,ERG005_VCAP_24H_X1_B1_UNI5253L:C12|ERG005_VCAP_24H_X1_B1_UNI5253L:F12|ERG005_VCAP_24H_X1_B1_UNI5253R:K13|ERG005_VCAP_24H_X1_B1_UNI5253R:N13
CPC013_A549_24H:BRD-K71512533-001-01-7:10,BRD-K71512533,sns-314,trt_cp,A549,10.0,µM,10 µM,24,h,24 h,CPC013_A549_24H_X1_F1B6_DUO52HI53LO:C13|CPC013_A549_24H_X2_F1B6_DUO52HI53LO:C13|CPC013_A549_24H_X3_F1B6_DUO52HI53LO:C13
CPC006_A375_24H:BRD-K19796430-001-01-5:10,BRD-K19796430,sonidegib,trt_cp,A375,10.0,µM,10 µM,24,h,24 h,CPC006_A375_24H_X1_B3_DUO52HI53LO:A23|CPC006_A375_24H_X2_B3_DUO52HI53LO:A23|CPC006_A375_24H_X3_B3_DUO52HI53LO:A23|CPC006_A375_24H_X4_B4_DUO52HI53LO:A23|CPC006_A375_24H_X5_B4_DUO52HI53LO:A23
BRAF001_A375_24H:BRD-K23984367-001-04-2:10,BRD-K23984367,sorafenib,trt_cp,A375,10.0,µM,10 µM,24,h,24 h,BRAF001_A375_24H_X1_B10:C07|BRAF001_A375_24H_X1_B10:C15|BRAF001_A375_24H_X1_B10:C23|BRAF001_A375_24H_X2_B10:C07|BRAF001_A375_24H_X2_B10:C15|BRAF001_A375_24H_X2_B10:C23|BRAF001_A375_24H_X4_B11:C07|BRAF001_A375_24H_X4_B11:C15|BRAF001_A375_24H_X4_B11:C23
CPC001_HA1E_24H:BRD-K97354755-001-01-5:10,BRD-K97354755,su-6656,trt_cp,HA1E,10.0,µM,10 µM,24,h,24 h,CPC001_HA1E_24H_X1_B3_DUO52HI53LO:K05|CPC001_HA1E_24H_X2_B3_DUO52HI53LO:K05|CPC001_HA1E_24H_X3_B3_DUO52HI53LO:K05
CPC005_A375_24H:BRD-A36217750-001-09-8:10,BRD-A36217750,sulfinpyrazone,trt_cp,A375,10.0,µM,10 µM,24,h,24 h,CPC005_A375_24H_X1_B3_DUO52HI53LO:E07|CPC005_A375_24H_X2_B3_DUO52HI53LO:E07|CPC005_A375_24H_X3_B3_DUO52HI53LO:E07
CPC014_A549_24H:BRD-M64432851-001-01-9:10,BRD-M64432851,sunitinib,trt_cp,A549,10.0,µM,10 µM,24,h,24 h,CPC014_A549_24H_X1_F1B6_DUO52HI53LO:D02|CPC014_A549_24H_X2_F1B6_DUO52HI53LO:D02|CPC014_A549_24H_X3_F1B6_DUO52HI53LO:D02
HDAC001_MCF7_24H:BRD-K52313696-001-08-1:10,BRD-K52313696,tacedinaline,trt_cp,MCF7,10.0,µM,10 µM,24,h,24 h,HDAC001_MCF7_24H_X1_F1B3_DUO52HI53LO:A19|HDAC001_MCF7_24H_X1_F1B3_DUO52HI53LO:E15|HDAC001_MCF7_24H_X1_F1B3_DUO52HI53LO:I13|HDAC001_MCF7_24H_X1_F1B3_DUO52HI53LO:M15|HDAC001_MCF7_24H_X2_F1B3_DUO52HI53LO:A19|HDAC001_MCF7_24H_X2_F1B3_DUO52HI53LO:E15|HDAC001_MCF7_24H_X2_F1B3_DUO52HI53LO:I13|HDAC001_MCF7_24H_X2_F1B3_DUO52HI53LO:M15|HDAC001_MCF7_24H_X3_F1B3_DUO52HI53LO:A19|HDAC001_MCF7_24H_X3_F1B3_DUO52HI53LO:E15|HDAC001_MCF7_24H_X3_F1B3_DUO52HI53LO:I13|HDAC001_MCF7_24H_X3_F1B3_DUO52HI53LO:M15
CPC006_A375_24H:BRD-K93754473-001-06-0:28.39,BRD-K93754473,tamoxifen,trt_cp,A375,28.39,µM,30 µM,24,h,24 h,CPC006_A375_24H_X1_B3_DUO52HI53LO:O14|CPC006_A375_24H_X2_B3_DUO52HI53LO:O14|CPC006_A375_24H_X3_B3_DUO52HI53LO:O14|CPC006_A375_24H_X4_B4_DUO52HI53LO:O14|CPC006_A375_24H_X5_B4_DUO52HI53LO:O14
ERG005_VCAP_24H:BRD-A61304759-001-01-0:20,BRD-A61304759,tanespimycin,trt_cp,VCAP,20.0,µM,20 µM,24,h,24 h,ERG005_VCAP_24H_X1_B1_UNI5253L:C11|ERG005_VCAP_24H_X1_B1_UNI5253L:F11|ERG005_VCAP_24H_X1_B1_UNI5253R:K14|ERG005_VCAP_24H_X1_B1_UNI5253R:N14
CPC011_A549_24H:BRD-A79903587-001-14-0:10,BRD-A79903587,tegafur,trt_cp,A549,10.0,µM,10 µM,24,h,24 h,CPC011_A549_24H_X1_F1B6_DUO52HI53LO:B15|CPC011_A549_24H_X3_F1B6_DUO52HI53LO:B15|CPC011_A549_24H_X5_F1B6_DUO52HI53LO:B15
CPC006_A375_24H:BRD-K32107296-001-03-7:10,BRD-K32107296,temozolomide,trt_cp,A375,10.0,µM,10 µM,24,h,24 h,CPC006_A375_24H_X1_B3_DUO52HI53LO:A06|CPC006_A375_24H_X2_B3_DUO52HI53LO:A06|CPC006_A375_24H_X3_B3_DUO52HI53LO:A06|CPC006_A375_24H_X4_B4_DUO52HI53LO:A06|CPC006_A375_24H_X5_B4_DUO52HI53LO:A06
CPC006_A375_24H:BRD-A62025033-001-01-8:10,BRD-A62025033,temsirolimus,trt_cp,A375,10.0,µM,10 µM,24,h,24 h,CPC006_A375_24H_X1_B3_DUO52HI53LO:M21|CPC006_A375_24H_X2_B3_DUO52HI53LO:M21|CPC006_A375_24H_X3_B3_DUO52HI53LO:M21|CPC006_A375_24H_X4_B4_DUO52HI53LO:M21|CPC006_A375_24H_X5_B4_DUO52HI53LO:M21
CPC004_HCC515_24H:BRD-A35588707-001-03-0:10,BRD-A35588707,teniposide,trt_cp,HCC515,10.0,µM,10 µM,24,h,24 h,CPC004_HCC515_24H_X1_B3_DUO52HI53LO:O23|CPC004_HCC515_24H_X3_B3_DUO52HI53LO:O23
CPC004_HA1E_24H:BRD-A46393198-003-10-9:10,BRD-A46393198,tetramisole,trt_cp,HA1E,10.0,µM,10 µM,24,h,24 h,CPC004_HA1E_24H_X1_B3_DUO52HI53LO:L17|CPC004_HA1E_24H_X2_B3_DUO52HI53LO:L17|CPC004_HA1E_24H_X3_B3_DUO52HI53LO:L17
CPC004_HA1E_24H:BRD-A93255169-001-13-5:10,BRD-A93255169,thalidomide,trt_cp,HA1E,10.0,µM,10 µM,24,h,24 h,CPC004_HA1E_24H_X1_B3_DUO52HI53LO:F12|CPC004_HA1E_24H_X2_B3_DUO52HI53LO:F12|CPC004_HA1E_24H_X3_B3_DUO52HI53LO:F12
CPC005_A375_24H:BRD-K69023402-001-02-5:10,BRD-K69023402,thapsigargin,trt_cp,A375,10.0,µM,10 µM,24,h,24 h,CPC005_A375_24H_X1_B3_DUO52HI53LO:L20|CPC005_A375_24H_X2_B3_DUO52HI53LO:L20|CPC005_A375_24H_X3_B3_DUO52HI53LO:L20
ERG005_VCAP_24H:BRD-A84481105-003-15-6:20,BRD-A84481105,thioridazine,trt_cp,VCAP,20.0,µM,20 µM,24,h,24 h,ERG005_VCAP_24H_X1_B1_UNI5253L:K12|ERG005_VCAP_24H_X1_B1_UNI5253L:N12|ERG005_VCAP_24H_X1_B1_UNI5253R:C13|ERG005_VCAP_24H_X1_B1_UNI5253R:F13
CPC004_HA1E_24H:BRD-K09631521-001-05-7:10,BRD-K09631521,thiotepa,trt_cp,HA1E,10.0,µM,10 µM,24,h,24 h,CPC004_HA1E_24H_X1_B3_DUO52HI53LO:D16|CPC004_HA1E_24H_X2_B3_DUO52HI53LO:D16|CPC004_HA1E_24H_X3_B3_DUO52HI53LO:D16
CPC006_A375_24H:BRD-K63195589-001-01-4:10,BRD-K63195589,tipifarnib,trt_cp,A375,10.0,µM,10 µM,24,h,24 h,CPC006_A375_24H_X1_B3_DUO52HI53LO:O06|CPC006_A375_24H_X2_B3_DUO52HI53LO:O06|CPC006_A375_24H_X3_B3_DUO52HI53LO:O06|CPC006_A375_24H_X4_B4_DUO52HI53LO:O06|CPC006_A375_24H_X5_B4_DUO52HI53LO:O06
LJP002_BT20_24H:BRD-K33379087-001-01-8:10,BRD-K33379087,tivantinib,trt_cp,BT20,10.0,µM,10 µM,24,h,24 h,LJP002_BT20_24H_X1_F2B5_DUO52HI53LO:G05|LJP002_BT20_24H_X2_F2B5_DUO52HI53LO:G05|LJP002_BT20_24H_X3_F2B5_DUO52HI53LO:G05
CPC013_A549_24H:BRD-K31283835-001-01-9:10,BRD-K31283835,tofacitinib,trt_cp,A549,10.0,µM,10 µM,24,h,24 h,CPC013_A549_24H_X1_F1B6_DUO52HI53LO:E07|CPC013_A549_24H_X2_F1B6_DUO52HI53LO:E07|CPC013_A549_24H_X3_F1B6_DUO52HI53LO:E07
CPC011_A549_24H:BRD-K29653726-001-10-0:10,BRD-K29653726,topiramate,trt_cp,A549,10.0,µM,10 µM,24,h,24 h,CPC011_A549_24H_X1_F1B6_DUO52HI53LO:L09|CPC011_A549_24H_X3_F1B6_DUO52HI53LO:L09|CPC011_A549_24H_X5_F1B6_DUO52HI53LO:L09
CPC011_A549_24H:BRD-K55696337-003-16-0:10,BRD-K55696337,topotecan,trt_cp,A549,10.0,µM,10 µM,24,h,24 h,CPC011_A549_24H_X1_F1B6_DUO52HI53LO:B07|CPC011_A549_24H_X3_F1B6_DUO52HI53LO:B07|CPC011_A549_24H_X5_F1B6_DUO52HI53LO:B07
CPC006_A375_24H:BRD-K87947369-001-01-6:10,BRD-K87947369,tozasertib,trt_cp,A375,10.0,µM,10 µM,24,h,24 h,CPC006_A375_24H_X1_B3_DUO52HI53LO:J23|CPC006_A375_24H_X2_B3_DUO52HI53LO:J23|CPC006_A375_24H_X3_B3_DUO52HI53LO:J23|CPC006_A375_24H_X4_B4_DUO52HI53LO:J23|CPC006_A375_24H_X5_B4_DUO52HI53LO:J23
LJP002_BT20_24H:BRD-K12343256-001-01-4:10,BRD-K12343256,trametinib,trt_cp,BT20,10.0,µM,10 µM,24,h,24 h,LJP002_BT20_24H_X1_F2B5_DUO52HI53LO:I05|LJP002_BT20_24H_X2_F2B5_DUO52HI53LO:I05|LJP002_BT20_24H_X3_F2B5_DUO52HI53LO:I05
CPC006_A375_24H:BRD-K64634304-001-01-5:40,BRD-K64634304,tretinoin,trt_cp,A375,40.0,µM,40 µM,24,h,24 h,CPC006_A375_24H_X1_B3_DUO52HI53LO:D23|CPC006_A375_24H_X2_B3_DUO52HI53LO:D23|CPC006_A375_24H_X3_B3_DUO52HI53LO:D23|CPC006_A375_24H_X4_B4_DUO52HI53LO:D23|CPC006_A375_24H_X5_B4_DUO52HI53LO:D23
ERG005_VCAP_24H:BRD-K89732114-300-06-3:20,BRD-K89732114,trifluoperazine,trt_cp,VCAP,20.0,µM,20 µM,24,h,24 h,ERG005_VCAP_24H_X1_B1_UNI5253L:C07|ERG005_VCAP_24H_X1_B1_UNI5253L:F07|ERG005_VCAP_24H_X1_B1_UNI5253R:K18|ERG005_VCAP_24H_X1_B1_UNI5253R:N18
BRAF001_A375_24H:BRD-K63675182-003-18-6:10,BRD-K63675182,triflupromazine,trt_cp,A375,10.0,µM,10 µM,24,h,24 h,BRAF001_A375_24H_X1_B10:K05|BRAF001_A375_24H_X1_B10:K13|BRAF001_A375_24H_X1_B10:K21|BRAF001_A375_24H_X2_B10:K05|BRAF001_A375_24H_X2_B10:K13|BRAF001_A375_24H_X2_B10:K21|BRAF001_A375_24H_X4_B11:K05|BRAF001_A375_24H_X4_B11:K13|BRAF001_A375_24H_X4_B11:K21
CPD003_MCF7_24H:BRD-K03243820-001-14-7:10,BRD-K03243820,trifluridine,trt_cp,MCF7,10.0,µM,10 µM,24,h,24 h,CPD003_MCF7_24H_X1_B6_DUO52HI53LO:D14|CPD003_MCF7_24H_X2.L2_B6_DUO52HI53LO:D14|CPD003_MCF7_24H_X3.L2_B6_DUO52HI53LO:D14|CPD003_MCF7_24H_X3_B6_DUO52HI53LO:D14
CPC011_MCF7_24H:BRD-K39484304-001-08-2:10,BRD-K39484304,triptolide,trt_cp,MCF7,10.0,µM,10 µM,24,h,24 h,CPC011_MCF7_24H_X4_B5_DUO52HI53LO:N13|CPC011_MCF7_24H_X5_B5_DUO52HI53LO:N13
CPD002_MCF7_24H:BRD-K70163715-001-01-0:10,BRD-K70163715,vatalanib,trt_cp,MCF7,10.0,µM,10 µM,24,h,24 h,CPD002_MCF7_24H_X1_B6_DUO52HI53LO:O03|CPD002_MCF7_24H_X2_B6_DUO52HI53LO:O03|CPD002_MCF7_24H_X3_B6_DUO52HI53LO:O03
CPC006_A375_24H:BRD-K87142802-001-02-7:10,BRD-K87142802,veliparib,trt_cp,A375,10.0,µM,10 µM,24,h,24 h,CPC006_A375_24H_X1_B3_DUO52HI53LO:C23|CPC006_A375_24H_X2_B3_DUO52HI53LO:C23|CPC006_A375_24H_X3_B3_DUO52HI53LO:C23|CPC006_A375_24H_X4_B4_DUO52HI53LO:C23|CPC006_A375_24H_X5_B4_DUO52HI53LO:C23
BRAF001_A375_24H:BRD-U73308409-000-01-9:10,BRD-U73308409,vemurafenib,trt_cp,A375,10.0,µM,10 µM,24,h,24 h,BRAF001_A375_24H_X1_B10:G01|BRAF001_A375_24H_X1_B10:G09|BRAF001_A375_24H_X1_B10:G17|BRAF001_A375_24H_X2_B10:G01|BRAF001_A375_24H_X2_B10:G09|BRAF001_A375_24H_X2_B10:G17|BRAF001_A375_24H_X4_B11:G01|BRAF001_A375_24H_X4_B11:G09|BRAF001_A375_24H_X4_B11:G17
CPC003_HA1E_24H:BRD-A09533288-003-20-5:10,BRD-A09533288,verapamil,trt_cp,HA1E,10.0,µM,10 µM,24,h,24 h,CPC003_HA1E_24H_X1_B3_DUO52HI53LO:K19|CPC003_HA1E_24H_X2_B3_DUO52HI53LO:K19|CPC003_HA1E_24H_X3_B3_DUO52HI53LO:K19
CPC001_HA1E_24H:BRD-A22783572-065-01-3:10,BRD-A22783572,vinblastine,trt_cp,HA1E,10.0,µM,10 µM,24,h,24 h,CPC001_HA1E_24H_X1_B3_DUO52HI53LO:O19|CPC001_HA1E_24H_X2_B3_DUO52HI53LO:O19|CPC001_HA1E_24H_X3_B3_DUO52HI53LO:O19
CPC002_HA1E_24H:BRD-A76528577-065-01-2:10,BRD-A76528577,vincristine,trt_cp,HA1E,10.0,µM,10 µM,24,h,24 h,CPC002_HA1E_24H_X1_B3_DUO52HI53LO:N01|CPC002_HA1E_24H_X2_B3_DUO52HI53LO:N01
CPC011_A549_24H:BRD-K97514127-045-02-0:10,BRD-K97514127,vinorelbine,trt_cp,A549,10.0,µM,10 µM,24,h,24 h,CPC011_A549_24H_X1_F1B6_DUO52HI53LO:D08|CPC011_A549_24H_X3_F1B6_DUO52HI53LO:D08|CPC011_A549_24H_X5_F1B6_DUO52HI53LO:D08
ERG003_VCAP_24H:BRD-K81418486-001-15-2:30,BRD-K81418486,vorinostat,trt_cp,VCAP,30.0,µM,30 µM,24,h,24 h,ERG003_VCAP_24H_X1_B1_DUO44HI45LO:N19|ERG003_VCAP_24H_X1_B1_DUO44HI45LO:N20
CPC014_A549_24H:BRD-K07736136-001-01-2:10,BRD-K07736136,vx-702,trt_cp,A549,10.0,µM,10 µM,24,h,24 h,CPC014_A549_24H_X1_F1B6_DUO52HI53LO:M12|CPC014_A549_24H_X3_F1B6_DUO52HI53LO:M12
CPC006_A375_24H:BRD-K12762134-001-01-3:11.1,BRD-K12762134,xav-939,trt_cp,A375,11.1,µM,10 µM,24,h,24 h,CPC006_A375_24H_X1_B3_DUO52HI53LO:H01|CPC006_A375_24H_X2_B3_DUO52HI53LO:H01|CPC006_A375_24H_X3_B3_DUO52HI53LO:H01|CPC006_A375_24H_X4_B4_DUO52HI53LO:H01|CPC006_A375_24H_X5_B4_DUO52HI53LO:H01
CPC013_A549_24H:BRD-K31553034-001-01-4:10,BRD-K31553034,zibotentan,trt_cp,A549,10.0,µM,10 µM,24,h,24 h,CPC013_A549_24H_X1_F1B6_DUO52HI53LO:I19|CPC013_A549_24H_X2_F1B6_DUO52HI53LO:I19|CPC013_A549_24H_X3_F1B6_DUO52HI53LO:I19
CPC006_A375_24H:BRD-K73789395-001-06-5:102.71,BRD-K73789395,zm-336372,trt_cp,A375,102.71,µM,100 µM,24,h,24 h,CPC006_A375_24H_X1_B3_DUO52HI53LO:H16|CPC006_A375_24H_X2_B3_DUO52HI53LO:H16|CPC006_A375_24H_X3_B3_DUO52HI53LO:H16|CPC006_A375_24H_X4_B4_DUO52HI53LO:H16|CPC006_A375_24H_X5_B4_DUO52HI53LO:H16
